path,apod,zf,status,error,lwn,hfq,lfq,points,mean_dnu_cm-1,peak_cm-1,peak_A,rms_vs_opus,mae_vs_opus,maxabs_vs_opus
Data/DM_FOP_6_00_45_55.0001,b3,2,FAIL,"AttributeError(""'NoneType' object has no attribute 'y'"")",,,,,,,,,,
Data/DM_FOP_6_00_45_55.0002,b3,2,FAIL,"AttributeError(""'NoneType' object has no attribute 'y'"")",,,,,,,,,,
Data/DM_FOP_6_00_45_55.0003,b3,2,FAIL,"AttributeError(""'NoneType' object has no attribute 'y'"")",,,,,,,,,,
Data/DM_FOP_6_00_55_45.0001,b3,2,FAIL,"AttributeError(""'NoneType' object has no attribute 'y'"")",,,,,,,,,,
Data/DM_FOP_6_00_55_45.0002,b3,2,FAIL,"AttributeError(""'NoneType' object has no attribute 'y'"")",,,,,,,,,,
Data/DM_FOP_6_00_55_45.0003,b3,2,FAIL,"AttributeError(""'NoneType' object has no attribute 'y'"")",,,,,,,,,,
Data/DM_FOP_6_00_75_25.0001,b3,2,FAIL,"AttributeError(""'NoneType' object has no attribute 'y'"")",,,,,,,,,,
Data/DM_FOP_6_00_75_25.0002,b3,2,FAIL,"AttributeError(""'NoneType' object has no attribute 'y'"")",,,,,,,,,,
Data/DM_FOP_6_00_75_25.0003,b3,2,FAIL,"AttributeError(""'NoneType' object has no attribute 'y'"")",,,,,,,,,,
Data/DM_FOP_6_25_45_55.0001,b3,2,FAIL,"AttributeError(""'NoneType' object has no attribute 'y'"")",,,,,,,,,,
Data/DM_FOP_6_25_45_55.0002,b3,2,FAIL,"AttributeError(""'NoneType' object has no attribute 'y'"")",,,,,,,,,,
Data/DM_FOP_6_25_45_55.0003,b3,2,FAIL,"AttributeError(""'NoneType' object has no attribute 'y'"")",,,,,,,,,,
Data/DM_FOP_6_25_55_45.0001,b3,2,FAIL,"AttributeError(""'NoneType' object has no attribute 'y'"")",,,,,,,,,,
Data/DM_FOP_6_25_55_45.0002,b3,2,FAIL,"AttributeError(""'NoneType' object has no attribute 'y'"")",,,,,,,,,,
Data/DM_FOP_6_25_55_45.0003,b3,2,FAIL,"AttributeError(""'NoneType' object has no attribute 'y'"")",,,,,,,,,,
Data/DM_FOP_6_25_75_25.0001,b3,2,FAIL,"AttributeError(""'NoneType' object has no attribute 'y'"")",,,,,,,,,,
Data/DM_FOP_6_25_75_25.0002,b3,2,FAIL,"AttributeError(""'NoneType' object has no attribute 'y'"")",,,,,,,,,,
Data/DM_FOP_6_25_75_25.0003,b3,2,FAIL,"AttributeError(""'NoneType' object has no attribute 'y'"")",,,,,,,,,,
Data/DM_FOP_6_50_45_55.0001,b3,2,FAIL,"AttributeError(""'NoneType' object has no attribute 'y'"")",,,,,,,,,,
Data/DM_FOP_6_50_45_55.0002,b3,2,FAIL,"AttributeError(""'NoneType' object has no attribute 'y'"")",,,,,,,,,,
Data/DM_FOP_6_50_45_55.0003,b3,2,FAIL,"AttributeError(""'NoneType' object has no attribute 'y'"")",,,,,,,,,,
Data/DM_FOP_6_50_55_45.0001,b3,2,FAIL,"AttributeError(""'NoneType' object has no attribute 'y'"")",,,,,,,,,,
Data/DM_FOP_6_50_55_45.0002,b3,2,FAIL,"AttributeError(""'NoneType' object has no attribute 'y'"")",,,,,,,,,,
Data/DM_FOP_6_50_55_45.0003,b3,2,FAIL,"AttributeError(""'NoneType' object has no attribute 'y'"")",,,,,,,,,,
Data/DM_FOP_6_50_75_25.0001,b3,2,FAIL,"AttributeError(""'NoneType' object has no attribute 'y'"")",,,,,,,,,,
Data/DM_FOP_6_50_75_25.0002,b3,2,FAIL,"AttributeError(""'NoneType' object has no attribute 'y'"")",,,,,,,,,,
Data/DM_FOP_6_50_75_25.0003,b3,2,FAIL,"AttributeError(""'NoneType' object has no attribute 'y'"")",,,,,,,,,,
Data/DM_FOP_6_75_45_55.0001,b3,2,FAIL,"AttributeError(""'NoneType' object has no attribute 'y'"")",,,,,,,,,,
Data/DM_FOP_6_75_45_55.0002,b3,2,FAIL,"AttributeError(""'NoneType' object has no attribute 'y'"")",,,,,,,,,,
Data/DM_FOP_6_75_45_55.0003,b3,2,FAIL,"AttributeError(""'NoneType' object has no attribute 'y'"")",,,,,,,,,,
Data/DM_FOP_6_75_55_45.0001,b3,2,FAIL,"AttributeError(""'NoneType' object has no attribute 'y'"")",,,,,,,,,,
Data/DM_FOP_6_75_55_45.0002,b3,2,FAIL,"AttributeError(""'NoneType' object has no attribute 'y'"")",,,,,,,,,,
Data/DM_FOP_6_75_55_45.0003,b3,2,FAIL,"AttributeError(""'NoneType' object has no attribute 'y'"")",,,,,,,,,,
Data/DM_FOP_6_75_75_25.0001,b3,2,FAIL,"AttributeError(""'NoneType' object has no attribute 'y'"")",,,,,,,,,,
Data/DM_FOP_6_75_75_25.0002,b3,2,FAIL,"AttributeError(""'NoneType' object has no attribute 'y'"")",,,,,,,,,,
Data/DM_FOP_6_75_75_25.0003,b3,2,FAIL,"AttributeError(""'NoneType' object has no attribute 'y'"")",,,,,,,,,,
Data/FM_FOP_6_00_88_12.0001,b3,2,FAIL,"AttributeError(""'NoneType' object has no attribute 'y'"")",,,,,,,,,,
Data/FM_FOP_6_00_88_12.0002,b3,2,FAIL,"AttributeError(""'NoneType' object has no attribute 'y'"")",,,,,,,,,,
Data/FM_FOP_6_00_88_12.0003,b3,2,FAIL,"AttributeError(""'NoneType' object has no attribute 'y'"")",,,,,,,,,,
Data/FM_FOP_6_25_88_12.0001,b3,2,FAIL,"AttributeError(""'NoneType' object has no attribute 'y'"")",,,,,,,,,,
Data/FM_FOP_6_25_88_12.0002,b3,2,FAIL,"AttributeError(""'NoneType' object has no attribute 'y'"")",,,,,,,,,,
Data/FM_FOP_6_25_88_12.0003,b3,2,FAIL,"AttributeError(""'NoneType' object has no attribute 'y'"")",,,,,,,,,,
Data/FM_FOP_6_50_15_85.0001,b3,2,FAIL,"AttributeError(""'NoneType' object has no attribute 'y'"")",,,,,,,,,,
Data/FM_FOP_6_50_15_85.0002,b3,2,FAIL,"AttributeError(""'NoneType' object has no attribute 'y'"")",,,,,,,,,,
Data/FM_FOP_6_50_15_85.0003,b3,2,FAIL,"AttributeError(""'NoneType' object has no attribute 'y'"")",,,,,,,,,,
Data/FM_FOP_6_50_89_11.0001,b3,2,FAIL,"AttributeError(""'NoneType' object has no attribute 'y'"")",,,,,,,,,,
Data/FM_FOP_6_50_89_11.0002,b3,2,FAIL,"AttributeError(""'NoneType' object has no attribute 'y'"")",,,,,,,,,,
Data/FM_FOP_6_50_89_11.0003,b3,2,FAIL,"AttributeError(""'NoneType' object has no attribute 'y'"")",,,,,,,,,,
Data/FM_FOP_6_75_15_85.0001,b3,2,FAIL,"AttributeError(""'NoneType' object has no attribute 'y'"")",,,,,,,,,,
Data/FM_FOP_6_75_15_85.0002,b3,2,FAIL,"AttributeError(""'NoneType' object has no attribute 'y'"")",,,,,,,,,,
Data/FM_FOP_6_75_15_85.0003,b3,2,FAIL,"AttributeError(""'NoneType' object has no attribute 'y'"")",,,,,,,,,,
Data/FM_FOP_6_75_88_12.0001,b3,2,FAIL,"AttributeError(""'NoneType' object has no attribute 'y'"")",,,,,,,,,,
Data/FM_FOP_6_75_88_12.0002,b3,2,FAIL,"AttributeError(""'NoneType' object has no attribute 'y'"")",,,,,,,,,,
Data/FM_FOP_6_75_88_12.0003,b3,2,FAIL,"AttributeError(""'NoneType' object has no attribute 'y'"")",,,,,,,,,,
Data/FM_FOP_7_00_15_85.0001,b3,2,FAIL,"AttributeError(""'NoneType' object has no attribute 'y'"")",,,,,,,,,,
Data/FM_FOP_7_00_15_85.0002,b3,2,FAIL,"AttributeError(""'NoneType' object has no attribute 'y'"")",,,,,,,,,,
Data/FM_FOP_7_00_15_85.0003,b3,2,FAIL,"AttributeError(""'NoneType' object has no attribute 'y'"")",,,,,,,,,,
Data/FM_FOP_7_00_25.0001,b3,2,FAIL,"AttributeError(""'NoneType' object has no attribute 'y'"")",,,,,,,,,,
Data/FM_FOP_7_00_25.0002,b3,2,FAIL,"AttributeError(""'NoneType' object has no attribute 'y'"")",,,,,,,,,,
Data/FM_FOP_7_00_25.0003,b3,2,FAIL,"AttributeError(""'NoneType' object has no attribute 'y'"")",,,,,,,,,,
Data/FM_FOP_7_00_45_55.0001,b3,2,FAIL,"AttributeError(""'NoneType' object has no attribute 'y'"")",,,,,,,,,,
Data/FM_FOP_7_00_45_55.0002,b3,2,FAIL,"AttributeError(""'NoneType' object has no attribute 'y'"")",,,,,,,,,,
Data/FM_FOP_7_00_45_55.0003,b3,2,FAIL,"AttributeError(""'NoneType' object has no attribute 'y'"")",,,,,,,,,,
Data/FM_FOP_7_00_55_45.0001,b3,2,FAIL,"AttributeError(""'NoneType' object has no attribute 'y'"")",,,,,,,,,,
Data/FM_FOP_7_00_55_45.0002,b3,2,FAIL,"AttributeError(""'NoneType' object has no attribute 'y'"")",,,,,,,,,,
Data/FM_FOP_7_00_55_45.0003,b3,2,FAIL,"AttributeError(""'NoneType' object has no attribute 'y'"")",,,,,,,,,,
Data/FM_FOP_7_00_87_13.0001,b3,2,FAIL,"AttributeError(""'NoneType' object has no attribute 'y'"")",,,,,,,,,,
Data/FM_FOP_7_00_87_13.0002,b3,2,FAIL,"AttributeError(""'NoneType' object has no attribute 'y'"")",,,,,,,,,,
Data/FM_FOP_7_00_87_13.0003,b3,2,FAIL,"AttributeError(""'NoneType' object has no attribute 'y'"")",,,,,,,,,,
Data/FM_FOP_7_25_15_85.0001,b3,2,FAIL,"AttributeError(""'NoneType' object has no attribute 'y'"")",,,,,,,,,,
Data/FM_FOP_7_25_15_85.0002,b3,2,FAIL,"AttributeError(""'NoneType' object has no attribute 'y'"")",,,,,,,,,,
Data/FM_FOP_7_25_15_85.0003,b3,2,FAIL,"AttributeError(""'NoneType' object has no attribute 'y'"")",,,,,,,,,,
Data/FM_FOP_7_25_45_55.0001,b3,2,FAIL,"AttributeError(""'NoneType' object has no attribute 'y'"")",,,,,,,,,,
Data/FM_FOP_7_25_45_55.0002,b3,2,FAIL,"AttributeError(""'NoneType' object has no attribute 'y'"")",,,,,,,,,,
Data/FM_FOP_7_25_45_55.0003,b3,2,FAIL,"AttributeError(""'NoneType' object has no attribute 'y'"")",,,,,,,,,,
Data/FM_FOP_7_25_55_45.0001,b3,2,FAIL,"AttributeError(""'NoneType' object has no attribute 'y'"")",,,,,,,,,,
Data/FM_FOP_7_25_55_45.0002,b3,2,FAIL,"AttributeError(""'NoneType' object has no attribute 'y'"")",,,,,,,,,,
Data/FM_FOP_7_25_55_45.0003,b3,2,FAIL,"AttributeError(""'NoneType' object has no attribute 'y'"")",,,,,,,,,,
Data/FM_FOP_7_25_75_25.0001,b3,2,FAIL,"AttributeError(""'NoneType' object has no attribute 'y'"")",,,,,,,,,,
Data/FM_FOP_7_25_75_25.0002,b3,2,FAIL,"AttributeError(""'NoneType' object has no attribute 'y'"")",,,,,,,,,,
Data/FM_FOP_7_25_75_25.0003,b3,2,FAIL,"AttributeError(""'NoneType' object has no attribute 'y'"")",,,,,,,,,,
Data/FM_FOP_7_25_87_13.0001,b3,2,FAIL,"AttributeError(""'NoneType' object has no attribute 'y'"")",,,,,,,,,,
Data/FM_FOP_7_25_87_13.0002,b3,2,FAIL,"AttributeError(""'NoneType' object has no attribute 'y'"")",,,,,,,,,,
Data/FM_FOP_7_25_87_13.0003,b3,2,FAIL,"AttributeError(""'NoneType' object has no attribute 'y'"")",,,,,,,,,,
Data/FM_FOP_7_50_15_85.0001,b3,2,FAIL,"AttributeError(""'NoneType' object has no attribute 'y'"")",,,,,,,,,,
Data/FM_FOP_7_50_15_85.0002,b3,2,FAIL,"AttributeError(""'NoneType' object has no attribute 'y'"")",,,,,,,,,,
Data/FM_FOP_7_50_15_85.0003,b3,2,FAIL,"AttributeError(""'NoneType' object has no attribute 'y'"")",,,,,,,,,,
Data/FM_FOP_7_50_45_55.0001,b3,2,FAIL,"AttributeError(""'NoneType' object has no attribute 'y'"")",,,,,,,,,,
Data/FM_FOP_7_50_45_55.0002,b3,2,FAIL,"AttributeError(""'NoneType' object has no attribute 'y'"")",,,,,,,,,,
Data/FM_FOP_7_50_45_55.0003,b3,2,FAIL,"AttributeError(""'NoneType' object has no attribute 'y'"")",,,,,,,,,,
Data/FM_FOP_7_50_55_45.0001,b3,2,FAIL,"AttributeError(""'NoneType' object has no attribute 'y'"")",,,,,,,,,,
Data/FM_FOP_7_50_55_45.0002,b3,2,FAIL,"AttributeError(""'NoneType' object has no attribute 'y'"")",,,,,,,,,,
Data/FM_FOP_7_50_55_45.0003,b3,2,FAIL,"AttributeError(""'NoneType' object has no attribute 'y'"")",,,,,,,,,,
Data/FM_FOP_7_50_75_25.0001,b3,2,FAIL,"AttributeError(""'NoneType' object has no attribute 'y'"")",,,,,,,,,,
Data/FM_FOP_7_50_75_25.0002,b3,2,FAIL,"AttributeError(""'NoneType' object has no attribute 'y'"")",,,,,,,,,,
Data/FM_FOP_7_50_75_25.0003,b3,2,FAIL,"AttributeError(""'NoneType' object has no attribute 'y'"")",,,,,,,,,,
Data/FM_FOP_7_50_87_13.0001,b3,2,FAIL,"AttributeError(""'NoneType' object has no attribute 'y'"")",,,,,,,,,,
Data/FM_FOP_7_50_87_13.0002,b3,2,FAIL,"AttributeError(""'NoneType' object has no attribute 'y'"")",,,,,,,,,,
Data/FM_FOP_7_50_87_13.0003,b3,2,FAIL,"AttributeError(""'NoneType' object has no attribute 'y'"")",,,,,,,,,,
Data/FM_FOP_7_75_45_55.0001,b3,2,FAIL,"AttributeError(""'NoneType' object has no attribute 'y'"")",,,,,,,,,,
Data/FM_FOP_7_75_45_55.0002,b3,2,FAIL,"AttributeError(""'NoneType' object has no attribute 'y'"")",,,,,,,,,,
Data/FM_FOP_7_75_45_55.0003,b3,2,FAIL,"AttributeError(""'NoneType' object has no attribute 'y'"")",,,,,,,,,,
Data/FM_FOP_7_75_55_45.0001,b3,2,FAIL,"AttributeError(""'NoneType' object has no attribute 'y'"")",,,,,,,,,,
Data/FM_FOP_7_75_55_45.0002,b3,2,FAIL,"AttributeError(""'NoneType' object has no attribute 'y'"")",,,,,,,,,,
Data/FM_FOP_7_75_55_45.0003,b3,2,FAIL,"AttributeError(""'NoneType' object has no attribute 'y'"")",,,,,,,,,,
Data/FM_FOP_7_75_75_25.0001,b3,2,FAIL,"AttributeError(""'NoneType' object has no attribute 'y'"")",,,,,,,,,,
Data/FM_FOP_7_75_75_25.0002,b3,2,FAIL,"AttributeError(""'NoneType' object has no attribute 'y'"")",,,,,,,,,,
Data/FM_FOP_7_75_75_25.0003,b3,2,FAIL,"AttributeError(""'NoneType' object has no attribute 'y'"")",,,,,,,,,,
Data/FM_FOP_7_75_87_13.0001,b3,2,FAIL,"AttributeError(""'NoneType' object has no attribute 'y'"")",,,,,,,,,,
Data/FM_FOP_7_75_87_13.0002,b3,2,FAIL,"AttributeError(""'NoneType' object has no attribute 'y'"")",,,,,,,,,,
Data/FM_FOP_7_75_87_13.0003,b3,2,FAIL,"AttributeError(""'NoneType' object has no attribute 'y'"")",,,,,,,,,,
Data/FM_FOP_8_00_45_55.0001,b3,2,FAIL,"AttributeError(""'NoneType' object has no attribute 'y'"")",,,,,,,,,,
Data/FM_FOP_8_00_45_55.0002,b3,2,FAIL,"AttributeError(""'NoneType' object has no attribute 'y'"")",,,,,,,,,,
Data/FM_FOP_8_00_45_55.0003,b3,2,FAIL,"AttributeError(""'NoneType' object has no attribute 'y'"")",,,,,,,,,,
Data/FM_FOP_8_00_45_55_a.0001,b3,2,FAIL,"AttributeError(""'NoneType' object has no attribute 'y'"")",,,,,,,,,,
Data/FM_FOP_8_00_55_45.0001,b3,2,FAIL,"AttributeError(""'NoneType' object has no attribute 'y'"")",,,,,,,,,,
Data/FM_FOP_8_00_55_45.0002,b3,2,FAIL,"AttributeError(""'NoneType' object has no attribute 'y'"")",,,,,,,,,,
Data/FM_FOP_8_00_55_45.0003,b3,2,FAIL,"AttributeError(""'NoneType' object has no attribute 'y'"")",,,,,,,,,,
Data/FM_FOP_8_00_75_25.0001,b3,2,FAIL,"AttributeError(""'NoneType' object has no attribute 'y'"")",,,,,,,,,,
Data/FM_FOP_8_00_75_25.0002,b3,2,FAIL,"AttributeError(""'NoneType' object has no attribute 'y'"")",,,,,,,,,,
Data/FM_FOP_8_00_75_25.0003,b3,2,FAIL,"AttributeError(""'NoneType' object has no attribute 'y'"")",,,,,,,,,,
Data/FM_FOP_8_00_89_11.0001,b3,2,FAIL,"AttributeError(""'NoneType' object has no attribute 'y'"")",,,,,,,,,,
Data/FM_FOP_8_00_89_11.0002,b3,2,FAIL,"AttributeError(""'NoneType' object has no attribute 'y'"")",,,,,,,,,,
Data/FM_FOP_8_00_89_11.0003,b3,2,FAIL,"AttributeError(""'NoneType' object has no attribute 'y'"")",,,,,,,,,,
Data/FM_FOP_8_25_45_55.0001,b3,2,FAIL,"AttributeError(""'NoneType' object has no attribute 'y'"")",,,,,,,,,,
Data/FM_FOP_8_25_45_55.0002,b3,2,FAIL,"AttributeError(""'NoneType' object has no attribute 'y'"")",,,,,,,,,,
Data/FM_FOP_8_25_45_55.0003,b3,2,FAIL,"AttributeError(""'NoneType' object has no attribute 'y'"")",,,,,,,,,,
Data/FM_FOP_8_25_55_45.0001,b3,2,FAIL,"AttributeError(""'NoneType' object has no attribute 'y'"")",,,,,,,,,,
Data/FM_FOP_8_25_55_45.0002,b3,2,FAIL,"AttributeError(""'NoneType' object has no attribute 'y'"")",,,,,,,,,,
Data/FM_FOP_8_25_55_45.0003,b3,2,FAIL,"AttributeError(""'NoneType' object has no attribute 'y'"")",,,,,,,,,,
Data/FM_FOP_8_25_75_25.0001,b3,2,FAIL,"AttributeError(""'NoneType' object has no attribute 'y'"")",,,,,,,,,,
Data/FM_FOP_8_25_75_25.0002,b3,2,FAIL,"AttributeError(""'NoneType' object has no attribute 'y'"")",,,,,,,,,,
Data/FM_FOP_8_25_75_25.0003,b3,2,FAIL,"AttributeError(""'NoneType' object has no attribute 'y'"")",,,,,,,,,,
Data/FM_FOP_8_25_89_11.0001,b3,2,FAIL,"AttributeError(""'NoneType' object has no attribute 'y'"")",,,,,,,,,,
Data/FM_FOP_8_25_89_11.0002,b3,2,FAIL,"AttributeError(""'NoneType' object has no attribute 'y'"")",,,,,,,,,,
Data/FM_FOP_8_25_89_11.0003,b3,2,FAIL,"AttributeError(""'NoneType' object has no attribute 'y'"")",,,,,,,,,,
Data/FM_FOP_8_50_15_85.0001,b3,2,FAIL,"AttributeError(""'NoneType' object has no attribute 'y'"")",,,,,,,,,,
Data/FM_FOP_8_50_15_85.0002,b3,2,FAIL,"AttributeError(""'NoneType' object has no attribute 'y'"")",,,,,,,,,,
Data/FM_FOP_8_50_15_85.0003,b3,2,FAIL,"AttributeError(""'NoneType' object has no attribute 'y'"")",,,,,,,,,,
Data/FM_FOP_8_50_25_75.0001,b3,2,FAIL,"AttributeError(""'NoneType' object has no attribute 'y'"")",,,,,,,,,,
Data/FM_FOP_8_50_25_75.0002,b3,2,FAIL,"AttributeError(""'NoneType' object has no attribute 'y'"")",,,,,,,,,,
Data/FM_FOP_8_50_25_75.0003,b3,2,FAIL,"AttributeError(""'NoneType' object has no attribute 'y'"")",,,,,,,,,,
Data/FM_FOP_8_50_45_55.0001,b3,2,FAIL,"AttributeError(""'NoneType' object has no attribute 'y'"")",,,,,,,,,,
Data/FM_FOP_8_50_45_55.0002,b3,2,FAIL,"AttributeError(""'NoneType' object has no attribute 'y'"")",,,,,,,,,,
Data/FM_FOP_8_50_45_55.0003,b3,2,FAIL,"AttributeError(""'NoneType' object has no attribute 'y'"")",,,,,,,,,,
Data/FM_FOP_8_50_55_45.0001,b3,2,FAIL,"AttributeError(""'NoneType' object has no attribute 'y'"")",,,,,,,,,,
Data/FM_FOP_8_50_55_45.0002,b3,2,FAIL,"AttributeError(""'NoneType' object has no attribute 'y'"")",,,,,,,,,,
Data/FM_FOP_8_50_55_45.0003,b3,2,FAIL,"AttributeError(""'NoneType' object has no attribute 'y'"")",,,,,,,,,,
Data/FM_FOP_8_50_75_25.0001,b3,2,FAIL,"AttributeError(""'NoneType' object has no attribute 'y'"")",,,,,,,,,,
Data/FM_FOP_8_50_75_25.0002,b3,2,FAIL,"AttributeError(""'NoneType' object has no attribute 'y'"")",,,,,,,,,,
Data/FM_FOP_8_50_75_25.0003,b3,2,FAIL,"AttributeError(""'NoneType' object has no attribute 'y'"")",,,,,,,,,,
Data/FM_FOP_8_50_89_11.0001,b3,2,FAIL,"AttributeError(""'NoneType' object has no attribute 'y'"")",,,,,,,,,,
Data/FM_FOP_8_50_89_11.0002,b3,2,FAIL,"AttributeError(""'NoneType' object has no attribute 'y'"")",,,,,,,,,,
Data/FM_FOP_8_50_89_11.0003,b3,2,FAIL,"AttributeError(""'NoneType' object has no attribute 'y'"")",,,,,,,,,,
Data/FM_FOP_8_75_15_85.0001,b3,2,FAIL,"AttributeError(""'NoneType' object has no attribute 'y'"")",,,,,,,,,,
Data/FM_FOP_8_75_15_85.0002,b3,2,FAIL,"AttributeError(""'NoneType' object has no attribute 'y'"")",,,,,,,,,,
Data/FM_FOP_8_75_15_85.0003,b3,2,FAIL,"AttributeError(""'NoneType' object has no attribute 'y'"")",,,,,,,,,,
Data/FM_FOP_8_75_25_75.0001,b3,2,FAIL,"AttributeError(""'NoneType' object has no attribute 'y'"")",,,,,,,,,,
Data/FM_FOP_8_75_25_75.0002,b3,2,FAIL,"AttributeError(""'NoneType' object has no attribute 'y'"")",,,,,,,,,,
Data/FM_FOP_8_75_25_75.0003,b3,2,FAIL,"AttributeError(""'NoneType' object has no attribute 'y'"")",,,,,,,,,,
Data/FM_FOP_8_75_44_55.0001,b3,2,FAIL,"AttributeError(""'NoneType' object has no attribute 'y'"")",,,,,,,,,,
Data/FM_FOP_8_75_44_55.0002,b3,2,FAIL,"AttributeError(""'NoneType' object has no attribute 'y'"")",,,,,,,,,,
Data/FM_FOP_8_75_44_55.0003,b3,2,FAIL,"AttributeError(""'NoneType' object has no attribute 'y'"")",,,,,,,,,,
Data/FM_FOP_8_75_55_45.0001,b3,2,FAIL,"AttributeError(""'NoneType' object has no attribute 'y'"")",,,,,,,,,,
Data/FM_FOP_8_75_55_45.0002,b3,2,FAIL,"AttributeError(""'NoneType' object has no attribute 'y'"")",,,,,,,,,,
Data/FM_FOP_8_75_55_45.0003,b3,2,FAIL,"AttributeError(""'NoneType' object has no attribute 'y'"")",,,,,,,,,,
Data/FM_FOP_8_75_75_25.0001,b3,2,FAIL,"AttributeError(""'NoneType' object has no attribute 'y'"")",,,,,,,,,,
Data/FM_FOP_8_75_75_25.0002,b3,2,FAIL,"AttributeError(""'NoneType' object has no attribute 'y'"")",,,,,,,,,,
Data/FM_FOP_8_75_75_25.0003,b3,2,FAIL,"AttributeError(""'NoneType' object has no attribute 'y'"")",,,,,,,,,,
Data/FM_FOP_8_75_89_11.0001,b3,2,FAIL,"AttributeError(""'NoneType' object has no attribute 'y'"")",,,,,,,,,,
Data/FM_FOP_8_75_89_11.0002,b3,2,FAIL,"AttributeError(""'NoneType' object has no attribute 'y'"")",,,,,,,,,,
Data/FM_FOP_8_75_89_11.0003,b3,2,FAIL,"AttributeError(""'NoneType' object has no attribute 'y'"")",,,,,,,,,,
Data/FM_FOP_9_00_15_85.0001,b3,2,FAIL,"AttributeError(""'NoneType' object has no attribute 'y'"")",,,,,,,,,,
Data/FM_FOP_9_00_15_85.0002,b3,2,FAIL,"AttributeError(""'NoneType' object has no attribute 'y'"")",,,,,,,,,,
Data/FM_FOP_9_00_15_85.0003,b3,2,FAIL,"AttributeError(""'NoneType' object has no attribute 'y'"")",,,,,,,,,,
Data/FM_FOP_9_00_25_75.0001,b3,2,FAIL,"AttributeError(""'NoneType' object has no attribute 'y'"")",,,,,,,,,,
Data/FM_FOP_9_00_25_75.0002,b3,2,FAIL,"AttributeError(""'NoneType' object has no attribute 'y'"")",,,,,,,,,,
Data/FM_FOP_9_00_25_75.0003,b3,2,FAIL,"AttributeError(""'NoneType' object has no attribute 'y'"")",,,,,,,,,,
Data/FM_FOP_9_00_45_55.0001,b3,2,FAIL,"AttributeError(""'NoneType' object has no attribute 'y'"")",,,,,,,,,,
Data/FM_FOP_9_00_45_55.0002,b3,2,FAIL,"AttributeError(""'NoneType' object has no attribute 'y'"")",,,,,,,,,,
Data/FM_FOP_9_00_45_55.0003,b3,2,FAIL,"AttributeError(""'NoneType' object has no attribute 'y'"")",,,,,,,,,,
Data/FM_FOP_9_00_55_45.0001,b3,2,FAIL,"AttributeError(""'NoneType' object has no attribute 'y'"")",,,,,,,,,,
Data/FM_FOP_9_00_55_45.0002,b3,2,FAIL,"AttributeError(""'NoneType' object has no attribute 'y'"")",,,,,,,,,,
Data/FM_FOP_9_00_55_45.0003,b3,2,FAIL,"AttributeError(""'NoneType' object has no attribute 'y'"")",,,,,,,,,,
Data/FM_FOP_9_00_75_25.0001,b3,2,FAIL,"AttributeError(""'NoneType' object has no attribute 'y'"")",,,,,,,,,,
Data/FM_FOP_9_00_75_25.0002,b3,2,FAIL,"AttributeError(""'NoneType' object has no attribute 'y'"")",,,,,,,,,,
Data/FM_FOP_9_00_75_25.0003,b3,2,FAIL,"AttributeError(""'NoneType' object has no attribute 'y'"")",,,,,,,,,,
Data/FM_FOP_9_00_89_11.0001,b3,2,FAIL,"AttributeError(""'NoneType' object has no attribute 'y'"")",,,,,,,,,,
Data/FM_FOP_9_00_89_11.0002,b3,2,FAIL,"AttributeError(""'NoneType' object has no attribute 'y'"")",,,,,,,,,,
Data/FM_FOP_9_00_89_11.0003,b3,2,FAIL,"AttributeError(""'NoneType' object has no attribute 'y'"")",,,,,,,,,,
Data/FM_FOP_9_00_STG 12_INITIAL.0001,b3,2,FAIL,"AttributeError(""'NoneType' object has no attribute 'y'"")",,,,,,,,,,
Data/FM_FOP_9_00_STG 12_INITIAL.0002,b3,2,FAIL,"AttributeError(""'NoneType' object has no attribute 'y'"")",,,,,,,,,,
Data/FM_FOP_9_00_STG 12_INITIAL.0003,b3,2,FAIL,"AttributeError(""'NoneType' object has no attribute 'y'"")",,,,,,,,,,
Data/FM_FOP_9_00_STG 9_INITIAL.0001,b3,2,FAIL,"AttributeError(""'NoneType' object has no attribute 'y'"")",,,,,,,,,,
Data/FM_FOP_9_00_STG 9_INITIAL.0002,b3,2,FAIL,"AttributeError(""'NoneType' object has no attribute 'y'"")",,,,,,,,,,
Data/FM_FOP_9_00_STG 9_INITIAL.0003,b3,2,FAIL,"AttributeError(""'NoneType' object has no attribute 'y'"")",,,,,,,,,,
Data/FM_FOP_9_25_15_85.0001,b3,2,FAIL,"AttributeError(""'NoneType' object has no attribute 'y'"")",,,,,,,,,,
Data/FM_FOP_9_25_15_85.0002,b3,2,FAIL,"AttributeError(""'NoneType' object has no attribute 'y'"")",,,,,,,,,,
Data/FM_FOP_9_25_15_85.0003,b3,2,FAIL,"AttributeError(""'NoneType' object has no attribute 'y'"")",,,,,,,,,,
Data/FM_FOP_9_25_25_75.0001,b3,2,FAIL,"AttributeError(""'NoneType' object has no attribute 'y'"")",,,,,,,,,,
Data/FM_FOP_9_25_25_75.0002,b3,2,FAIL,"AttributeError(""'NoneType' object has no attribute 'y'"")",,,,,,,,,,
Data/FM_FOP_9_25_25_75.0003,b3,2,FAIL,"AttributeError(""'NoneType' object has no attribute 'y'"")",,,,,,,,,,
Data/FM_FOP_9_25_45_55.0001,b3,2,FAIL,"AttributeError(""'NoneType' object has no attribute 'y'"")",,,,,,,,,,
Data/FM_FOP_9_25_45_55.0002,b3,2,FAIL,"AttributeError(""'NoneType' object has no attribute 'y'"")",,,,,,,,,,
Data/FM_FOP_9_25_45_55.0003,b3,2,FAIL,"AttributeError(""'NoneType' object has no attribute 'y'"")",,,,,,,,,,
Data/FM_FOP_9_25_55_45.0001,b3,2,FAIL,"AttributeError(""'NoneType' object has no attribute 'y'"")",,,,,,,,,,
Data/FM_FOP_9_25_55_45.0002,b3,2,FAIL,"AttributeError(""'NoneType' object has no attribute 'y'"")",,,,,,,,,,
Data/FM_FOP_9_25_55_45.0003,b3,2,FAIL,"AttributeError(""'NoneType' object has no attribute 'y'"")",,,,,,,,,,
Data/FM_FOP_9_25_75_25.0001,b3,2,FAIL,"AttributeError(""'NoneType' object has no attribute 'y'"")",,,,,,,,,,
Data/FM_FOP_9_25_75_25.0002,b3,2,FAIL,"AttributeError(""'NoneType' object has no attribute 'y'"")",,,,,,,,,,
Data/FM_FOP_9_25_75_25.0003,b3,2,FAIL,"AttributeError(""'NoneType' object has no attribute 'y'"")",,,,,,,,,,
Data/FM_FOP_9_25_88_12.0001,b3,2,FAIL,"AttributeError(""'NoneType' object has no attribute 'y'"")",,,,,,,,,,
Data/FM_FOP_9_25_88_12.0002,b3,2,FAIL,"AttributeError(""'NoneType' object has no attribute 'y'"")",,,,,,,,,,
Data/FM_FOP_9_25_88_12.0003,b3,2,FAIL,"AttributeError(""'NoneType' object has no attribute 'y'"")",,,,,,,,,,
Data/FM_FOP_9_50_15_85.0001,b3,2,FAIL,"AttributeError(""'NoneType' object has no attribute 'y'"")",,,,,,,,,,
Data/FM_FOP_9_50_15_85.0002,b3,2,FAIL,"AttributeError(""'NoneType' object has no attribute 'y'"")",,,,,,,,,,
Data/FM_FOP_9_50_15_85.0003,b3,2,FAIL,"AttributeError(""'NoneType' object has no attribute 'y'"")",,,,,,,,,,
Data/FM_FOP_9_50_25_75.0001,b3,2,FAIL,"AttributeError(""'NoneType' object has no attribute 'y'"")",,,,,,,,,,
Data/FM_FOP_9_50_25_75.0002,b3,2,FAIL,"AttributeError(""'NoneType' object has no attribute 'y'"")",,,,,,,,,,
Data/FM_FOP_9_50_25_75.0003,b3,2,FAIL,"AttributeError(""'NoneType' object has no attribute 'y'"")",,,,,,,,,,
Data/FM_FOP_9_50_45_55.0001,b3,2,FAIL,"AttributeError(""'NoneType' object has no attribute 'y'"")",,,,,,,,,,
Data/FM_FOP_9_50_45_55.0002,b3,2,FAIL,"AttributeError(""'NoneType' object has no attribute 'y'"")",,,,,,,,,,
Data/FM_FOP_9_50_45_55.0003,b3,2,FAIL,"AttributeError(""'NoneType' object has no attribute 'y'"")",,,,,,,,,,
Data/FM_FOP_9_50_55_45.0001,b3,2,FAIL,"AttributeError(""'NoneType' object has no attribute 'y'"")",,,,,,,,,,
Data/FM_FOP_9_50_55_45.0002,b3,2,FAIL,"AttributeError(""'NoneType' object has no attribute 'y'"")",,,,,,,,,,
Data/FM_FOP_9_50_55_45.0003,b3,2,FAIL,"AttributeError(""'NoneType' object has no attribute 'y'"")",,,,,,,,,,
Data/FM_FOP_9_50_75_25.0001,b3,2,FAIL,"AttributeError(""'NoneType' object has no attribute 'y'"")",,,,,,,,,,
Data/FM_FOP_9_50_75_25.0002,b3,2,FAIL,"AttributeError(""'NoneType' object has no attribute 'y'"")",,,,,,,,,,
Data/FM_FOP_9_50_75_25.0003,b3,2,FAIL,"AttributeError(""'NoneType' object has no attribute 'y'"")",,,,,,,,,,
Data/FM_FOP_9_50_82_18.0001,b3,2,FAIL,"AttributeError(""'NoneType' object has no attribute 'y'"")",,,,,,,,,,
Data/FM_FOP_9_50_82_18.0002,b3,2,FAIL,"AttributeError(""'NoneType' object has no attribute 'y'"")",,,,,,,,,,
Data/FM_FOP_9_50_82_18.0003,b3,2,FAIL,"AttributeError(""'NoneType' object has no attribute 'y'"")",,,,,,,,,,
Data/FM_FOP_9_50_88_12.0001,b3,2,FAIL,"AttributeError(""'NoneType' object has no attribute 'y'"")",,,,,,,,,,
Data/FM_FOP_9_50_88_12.0002,b3,2,FAIL,"AttributeError(""'NoneType' object has no attribute 'y'"")",,,,,,,,,,
Data/FM_FOP_9_50_88_12.0003,b3,2,FAIL,"AttributeError(""'NoneType' object has no attribute 'y'"")",,,,,,,,,,
Data/FM_FOP_9_75_15_85.0001,b3,2,FAIL,"AttributeError(""'NoneType' object has no attribute 'y'"")",,,,,,,,,,
Data/FM_FOP_9_75_15_85.0002,b3,2,FAIL,"AttributeError(""'NoneType' object has no attribute 'y'"")",,,,,,,,,,
Data/FM_FOP_9_75_15_85.0003,b3,2,FAIL,"AttributeError(""'NoneType' object has no attribute 'y'"")",,,,,,,,,,
Data/FM_FOP_9_75_25_75.0001,b3,2,FAIL,"AttributeError(""'NoneType' object has no attribute 'y'"")",,,,,,,,,,
Data/FM_FOP_9_75_25_75.0002,b3,2,FAIL,"AttributeError(""'NoneType' object has no attribute 'y'"")",,,,,,,,,,
Data/FM_FOP_9_75_25_75.0003,b3,2,FAIL,"AttributeError(""'NoneType' object has no attribute 'y'"")",,,,,,,,,,
Data/FM_FOP_9_75_45_55.0001,b3,2,FAIL,"AttributeError(""'NoneType' object has no attribute 'y'"")",,,,,,,,,,
Data/FM_FOP_9_75_45_55.0002,b3,2,FAIL,"AttributeError(""'NoneType' object has no attribute 'y'"")",,,,,,,,,,
Data/FM_FOP_9_75_45_55.0003,b3,2,FAIL,"AttributeError(""'NoneType' object has no attribute 'y'"")",,,,,,,,,,
Data/FM_FOP_9_75_55_45.0001,b3,2,FAIL,"AttributeError(""'NoneType' object has no attribute 'y'"")",,,,,,,,,,
Data/FM_FOP_9_75_55_45.0002,b3,2,FAIL,"AttributeError(""'NoneType' object has no attribute 'y'"")",,,,,,,,,,
Data/FM_FOP_9_75_55_45.0003,b3,2,FAIL,"AttributeError(""'NoneType' object has no attribute 'y'"")",,,,,,,,,,
Data/FM_FOP_9_75_70_30.0001,b3,2,FAIL,"AttributeError(""'NoneType' object has no attribute 'y'"")",,,,,,,,,,
Data/FM_FOP_9_75_70_30.0002,b3,2,FAIL,"AttributeError(""'NoneType' object has no attribute 'y'"")",,,,,,,,,,
Data/FM_FOP_9_75_70_30.0003,b3,2,FAIL,"AttributeError(""'NoneType' object has no attribute 'y'"")",,,,,,,,,,
Data/FM_FOP_9_75_75_25.0001,b3,2,FAIL,"AttributeError(""'NoneType' object has no attribute 'y'"")",,,,,,,,,,
Data/FM_FOP_9_75_75_25.0002,b3,2,FAIL,"AttributeError(""'NoneType' object has no attribute 'y'"")",,,,,,,,,,
Data/FM_FOP_9_75_75_25.0003,b3,2,FAIL,"AttributeError(""'NoneType' object has no attribute 'y'"")",,,,,,,,,,
Data/FM_FOP_9_75_88_12.0001,b3,2,FAIL,"AttributeError(""'NoneType' object has no attribute 'y'"")",,,,,,,,,,
Data/FM_FOP_9_75_88_12.0002,b3,2,FAIL,"AttributeError(""'NoneType' object has no attribute 'y'"")",,,,,,,,,,
Data/FM_FOP_9_75_88_12.0003,b3,2,FAIL,"AttributeError(""'NoneType' object has no attribute 'y'"")",,,,,,,,,,
Data/FM_FOP_STG 10_VALIDATION_24Hr.0001,b3,2,FAIL,"AttributeError(""'NoneType' object has no attribute 'y'"")",,,,,,,,,,
Data/FM_FOP_STG 10_VALIDATION_24Hr.0002,b3,2,FAIL,"AttributeError(""'NoneType' object has no attribute 'y'"")",,,,,,,,,,
Data/FM_FOP_STG 10_VALIDATION_24Hr.0003,b3,2,FAIL,"AttributeError(""'NoneType' object has no attribute 'y'"")",,,,,,,,,,
Data/FM_FOP_STG 10_VALIDATION_INITIAL.0001,b3,2,FAIL,"AttributeError(""'NoneType' object has no attribute 'y'"")",,,,,,,,,,
Data/FM_FOP_STG 10_VALIDATION_INITIAL.0002,b3,2,FAIL,"AttributeError(""'NoneType' object has no attribute 'y'"")",,,,,,,,,,
Data/FM_FOP_STG 10_VALIDATION_INITIAL.0003,b3,2,FAIL,"AttributeError(""'NoneType' object has no attribute 'y'"")",,,,,,,,,,
Data/FM_FOP_STG 11_VALIDATION_24Hr.0001,b3,2,FAIL,"AttributeError(""'NoneType' object has no attribute 'y'"")",,,,,,,,,,
Data/FM_FOP_STG 11_VALIDATION_24Hr.0002,b3,2,FAIL,"AttributeError(""'NoneType' object has no attribute 'y'"")",,,,,,,,,,
Data/FM_FOP_STG 11_VALIDATION_24Hr.0003,b3,2,FAIL,"AttributeError(""'NoneType' object has no attribute 'y'"")",,,,,,,,,,
Data/FM_FOP_STG 11_VALIDATION_INITIAL.0001,b3,2,FAIL,"AttributeError(""'NoneType' object has no attribute 'y'"")",,,,,,,,,,
Data/FM_FOP_STG 11_VALIDATION_INITIAL.0002,b3,2,FAIL,"AttributeError(""'NoneType' object has no attribute 'y'"")",,,,,,,,,,
Data/FM_FOP_STG 11_VALIDATION_INITIAL.0003,b3,2,FAIL,"AttributeError(""'NoneType' object has no attribute 'y'"")",,,,,,,,,,
Data/FM_FOP_STG 12_11AM_VALIDATION_24Hr.0001,b3,2,FAIL,"AttributeError(""'NoneType' object has no attribute 'y'"")",,,,,,,,,,
Data/FM_FOP_STG 12_11AM_VALIDATION_24Hr.0002,b3,2,FAIL,"AttributeError(""'NoneType' object has no attribute 'y'"")",,,,,,,,,,
Data/FM_FOP_STG 12_11AM_VALIDATION_24Hr.0003,b3,2,FAIL,"AttributeError(""'NoneType' object has no attribute 'y'"")",,,,,,,,,,
Data/FM_FOP_STG 12_2PM_VALIDATION_24Hr.0001,b3,2,FAIL,"AttributeError(""'NoneType' object has no attribute 'y'"")",,,,,,,,,,
Data/FM_FOP_STG 12_2PM_VALIDATION_24Hr.0002,b3,2,FAIL,"AttributeError(""'NoneType' object has no attribute 'y'"")",,,,,,,,,,
Data/FM_FOP_STG 12_2PM_VALIDATION_24Hr.0003,b3,2,FAIL,"AttributeError(""'NoneType' object has no attribute 'y'"")",,,,,,,,,,
Data/FM_FOP_STG 12_VALIDATION2_INITIAL.0001,b3,2,FAIL,"AttributeError(""'NoneType' object has no attribute 'y'"")",,,,,,,,,,
Data/FM_FOP_STG 12_VALIDATION2_INITIAL.0002,b3,2,FAIL,"AttributeError(""'NoneType' object has no attribute 'y'"")",,,,,,,,,,
Data/FM_FOP_STG 12_VALIDATION2_INITIAL.0003,b3,2,FAIL,"AttributeError(""'NoneType' object has no attribute 'y'"")",,,,,,,,,,
Data/FM_FOP_STG 12_VALIDATION3_INITIAL.0001,b3,2,FAIL,"AttributeError(""'NoneType' object has no attribute 'y'"")",,,,,,,,,,
Data/FM_FOP_STG 12_VALIDATION3_INITIAL.0002,b3,2,FAIL,"AttributeError(""'NoneType' object has no attribute 'y'"")",,,,,,,,,,
Data/FM_FOP_STG 12_VALIDATION3_INITIAL.0003,b3,2,FAIL,"AttributeError(""'NoneType' object has no attribute 'y'"")",,,,,,,,,,
Data/FM_FOP_STG 8_VALIDATION_24Hr.0001,b3,2,FAIL,"AttributeError(""'NoneType' object has no attribute 'y'"")",,,,,,,,,,
Data/FM_FOP_STG 8_VALIDATION_24Hr.0002,b3,2,FAIL,"AttributeError(""'NoneType' object has no attribute 'y'"")",,,,,,,,,,
Data/FM_FOP_STG 8_VALIDATION_24Hr.0003,b3,2,FAIL,"AttributeError(""'NoneType' object has no attribute 'y'"")",,,,,,,,,,
Data/FM_FOP_STG 8_VALIDATION_INITIAL.0001,b3,2,FAIL,"AttributeError(""'NoneType' object has no attribute 'y'"")",,,,,,,,,,
Data/FM_FOP_STG 8_VALIDATION_INITIAL.0002,b3,2,FAIL,"AttributeError(""'NoneType' object has no attribute 'y'"")",,,,,,,,,,
Data/FM_FOP_STG 8_VALIDATION_INITIAL.0003,b3,2,FAIL,"AttributeError(""'NoneType' object has no attribute 'y'"")",,,,,,,,,,
Data/FM_FOP_STG 9_VALIDATION_24Hr.0001,b3,2,FAIL,"AttributeError(""'NoneType' object has no attribute 'y'"")",,,,,,,,,,
Data/FM_FOP_STG 9_VALIDATION_24Hr.0002,b3,2,FAIL,"AttributeError(""'NoneType' object has no attribute 'y'"")",,,,,,,,,,
Data/FM_FOP_STG 9_VALIDATION_24Hr.0003,b3,2,FAIL,"AttributeError(""'NoneType' object has no attribute 'y'"")",,,,,,,,,,
Data/IM_GCM_FOP_TR20-014_030920_Sample#1.0001,b3,2,FAIL,"AttributeError(""'NoneType' object has no attribute 'y'"")",,,,,,,,,,
Data/IM_GCM_FOP_TR20-014_030920_Sample#1.0002,b3,2,FAIL,"AttributeError(""'NoneType' object has no attribute 'y'"")",,,,,,,,,,
Data/IM_GCM_FOP_TR20-014_030920_Sample#1.0003,b3,2,FAIL,"AttributeError(""'NoneType' object has no attribute 'y'"")",,,,,,,,,,
Data/IM_GCM_FOP_TR20-014_030920_Sample#1.0004,b3,2,FAIL,"AttributeError(""'NoneType' object has no attribute 'y'"")",,,,,,,,,,
Data/IM_GCM_FOP_TR20-014_030920_Sample#1.0005,b3,2,FAIL,"AttributeError(""'NoneType' object has no attribute 'y'"")",,,,,,,,,,
Data/IM_GCM_FOP_TR20-014_030920_Sample#2.0001,b3,2,FAIL,"AttributeError(""'NoneType' object has no attribute 'y'"")",,,,,,,,,,
Data/IM_GCM_FOP_TR20-014_030920_Sample#2.0002,b3,2,FAIL,"AttributeError(""'NoneType' object has no attribute 'y'"")",,,,,,,,,,
Data/IM_GCM_FOP_TR20-014_030920_Sample#2.0003,b3,2,FAIL,"AttributeError(""'NoneType' object has no attribute 'y'"")",,,,,,,,,,
Data/IM_GCM_FOP_TR20-014_030920_Sample#2.0004,b3,2,FAIL,"AttributeError(""'NoneType' object has no attribute 'y'"")",,,,,,,,,,
Data/IM_GCM_FOP_TR20-014_030920_Sample#2.0005,b3,2,FAIL,"AttributeError(""'NoneType' object has no attribute 'y'"")",,,,,,,,,,
Data/IM_GCM_FOP_TR20-014_030920_Sample#3.0001,b3,2,FAIL,"AttributeError(""'NoneType' object has no attribute 'y'"")",,,,,,,,,,
Data/IM_GCM_FOP_TR20-014_030920_Sample#3.0002,b3,2,FAIL,"AttributeError(""'NoneType' object has no attribute 'y'"")",,,,,,,,,,
Data/IM_GCM_FOP_TR20-014_030920_Sample#3.0003,b3,2,FAIL,"AttributeError(""'NoneType' object has no attribute 'y'"")",,,,,,,,,,
Data/IM_GCM_FOP_TR20-014_030920_Sample#3.0004,b3,2,FAIL,"AttributeError(""'NoneType' object has no attribute 'y'"")",,,,,,,,,,
Data/IM_GCM_FOP_TR20-014_030920_Sample#3.0005,b3,2,FAIL,"AttributeError(""'NoneType' object has no attribute 'y'"")",,,,,,,,,,
Data/IM_GCM_FOP_TR20-014_030920_Sample#4.0001,b3,2,FAIL,"AttributeError(""'NoneType' object has no attribute 'y'"")",,,,,,,,,,
Data/IM_GCM_FOP_TR20-014_030920_Sample#4.0002,b3,2,FAIL,"AttributeError(""'NoneType' object has no attribute 'y'"")",,,,,,,,,,
Data/IM_GCM_FOP_TR20-014_030920_Sample#4.0003,b3,2,FAIL,"AttributeError(""'NoneType' object has no attribute 'y'"")",,,,,,,,,,
Data/IM_GCM_FOP_TR20-014_030920_Sample#4.0004,b3,2,FAIL,"AttributeError(""'NoneType' object has no attribute 'y'"")",,,,,,,,,,
Data/IM_GCM_FOP_TR20-014_030920_Sample#4.0005,b3,2,FAIL,"AttributeError(""'NoneType' object has no attribute 'y'"")",,,,,,,,,,
Data/IM_GCM_FOP_TR20-014_030920_Sample#5.0001,b3,2,FAIL,"AttributeError(""'NoneType' object has no attribute 'y'"")",,,,,,,,,,
Data/IM_GCM_FOP_TR20-014_030920_Sample#5.0002,b3,2,FAIL,"AttributeError(""'NoneType' object has no attribute 'y'"")",,,,,,,,,,
Data/IM_GCM_FOP_TR20-014_030920_Sample#5.0003,b3,2,FAIL,"AttributeError(""'NoneType' object has no attribute 'y'"")",,,,,,,,,,
Data/IM_GCM_FOP_TR20-014_030920_Sample#5.0004,b3,2,FAIL,"AttributeError(""'NoneType' object has no attribute 'y'"")",,,,,,,,,,
Data/IM_GCM_FOP_TR20-014_030920_Sample#5.0005,b3,2,FAIL,"AttributeError(""'NoneType' object has no attribute 'y'"")",,,,,,,,,,
Data/IM_GCM_FOP_TR20-014_030920_Sample#6.0001,b3,2,FAIL,"AttributeError(""'NoneType' object has no attribute 'y'"")",,,,,,,,,,
Data/IM_GCM_FOP_TR20-014_030920_Sample#6.0002,b3,2,FAIL,"AttributeError(""'NoneType' object has no attribute 'y'"")",,,,,,,,,,
Data/IM_GCM_FOP_TR20-014_030920_Sample#6.0003,b3,2,FAIL,"AttributeError(""'NoneType' object has no attribute 'y'"")",,,,,,,,,,
Data/IM_GCM_FOP_TR20-014_030920_Sample#6.0004,b3,2,FAIL,"AttributeError(""'NoneType' object has no attribute 'y'"")",,,,,,,,,,
Data/IM_GCM_FOP_TR20-014_030920_Sample#6.0005,b3,2,FAIL,"AttributeError(""'NoneType' object has no attribute 'y'"")",,,,,,,,,,
Data/IM_GCM_FOP_TR20-014_030920_Sample#7.0001,b3,2,FAIL,"AttributeError(""'NoneType' object has no attribute 'y'"")",,,,,,,,,,
Data/IM_GCM_FOP_TR20-014_030920_Sample#7.0002,b3,2,FAIL,"AttributeError(""'NoneType' object has no attribute 'y'"")",,,,,,,,,,
Data/IM_GCM_FOP_TR20-014_030920_Sample#7.0003,b3,2,FAIL,"AttributeError(""'NoneType' object has no attribute 'y'"")",,,,,,,,,,
Data/IM_GCM_FOP_TR20-014_030920_Sample#7.0004,b3,2,FAIL,"AttributeError(""'NoneType' object has no attribute 'y'"")",,,,,,,,,,
Data/IM_GCM_FOP_TR20-014_030920_Sample#7.0005,b3,2,FAIL,"AttributeError(""'NoneType' object has no attribute 'y'"")",,,,,,,,,,
Data/IM_GCM_FOP_TR20-014_030920_Sample#8.0001,b3,2,FAIL,"AttributeError(""'NoneType' object has no attribute 'y'"")",,,,,,,,,,
Data/IM_GCM_FOP_TR20-014_030920_Sample#8.0002,b3,2,FAIL,"AttributeError(""'NoneType' object has no attribute 'y'"")",,,,,,,,,,
Data/IM_GCM_FOP_TR20-014_030920_Sample#8.0003,b3,2,FAIL,"AttributeError(""'NoneType' object has no attribute 'y'"")",,,,,,,,,,
Data/IM_GCM_FOP_TR20-014_030920_Sample#8.0004,b3,2,FAIL,"AttributeError(""'NoneType' object has no attribute 'y'"")",,,,,,,,,,
Data/IM_GCM_FOP_TR20-014_030920_Sample#8.0005,b3,2,FAIL,"AttributeError(""'NoneType' object has no attribute 'y'"")",,,,,,,,,,
Data/IM_GCM_FOP_TR20-014_030920_Sample#9.0001,b3,2,FAIL,"AttributeError(""'NoneType' object has no attribute 'y'"")",,,,,,,,,,
Data/IM_GCM_FOP_TR20-014_030920_Sample#9.0002,b3,2,FAIL,"AttributeError(""'NoneType' object has no attribute 'y'"")",,,,,,,,,,
Data/IM_GCM_FOP_TR20-014_030920_Sample#9.0003,b3,2,FAIL,"AttributeError(""'NoneType' object has no attribute 'y'"")",,,,,,,,,,
Data/IM_GCM_FOP_TR20-014_030920_Sample#9.0004,b3,2,FAIL,"AttributeError(""'NoneType' object has no attribute 'y'"")",,,,,,,,,,
Data/IM_GCM_FOP_TR20-014_030920_Sample#9.0005,b3,2,FAIL,"AttributeError(""'NoneType' object has no attribute 'y'"")",,,,,,,,,,
Data/IM_GCM_FOP_TR20-014_031120_Discharge_90.0001,b3,2,FAIL,"AttributeError(""'NoneType' object has no attribute 'y'"")",,,,,,,,,,
Data/IM_GCM_FOP_TR20-014_031120_Discharge_90.0002,b3,2,FAIL,"AttributeError(""'NoneType' object has no attribute 'y'"")",,,,,,,,,,
Data/IM_GCM_FOP_TR20-014_031120_Discharge_90.0003,b3,2,FAIL,"AttributeError(""'NoneType' object has no attribute 'y'"")",,,,,,,,,,
Data/IM_GCM_FOP_TR20-014_031120_Discharge_90.0004,b3,2,FAIL,"AttributeError(""'NoneType' object has no attribute 'y'"")",,,,,,,,,,
Data/IM_GCM_FOP_TR20-014_031120_Discharge_90.0005,b3,2,FAIL,"AttributeError(""'NoneType' object has no attribute 'y'"")",,,,,,,,,,
Data/IM_GCM_FOP_TR20-014_031120_STG12_90.0001,b3,2,FAIL,"AttributeError(""'NoneType' object has no attribute 'y'"")",,,,,,,,,,
Data/IM_GCM_FOP_TR20-014_031120_STG12_90.0002,b3,2,FAIL,"AttributeError(""'NoneType' object has no attribute 'y'"")",,,,,,,,,,
Data/IM_GCM_FOP_TR20-014_031120_STG12_90.0003,b3,2,FAIL,"AttributeError(""'NoneType' object has no attribute 'y'"")",,,,,,,,,,
Data/IM_GCM_FOP_TR20-014_031120_STG12_90.0004,b3,2,FAIL,"AttributeError(""'NoneType' object has no attribute 'y'"")",,,,,,,,,,
Data/IM_GCM_FOP_TR20-014_031120_STG12_90.0005,b3,2,FAIL,"AttributeError(""'NoneType' object has no attribute 'y'"")",,,,,,,,,,
Data/IM_GCM_FOP_TR20-014_031120_STG7_90.0001,b3,2,FAIL,"AttributeError(""'NoneType' object has no attribute 'y'"")",,,,,,,,,,
Data/IM_GCM_FOP_TR20-014_031120_STG7_90.0002,b3,2,FAIL,"AttributeError(""'NoneType' object has no attribute 'y'"")",,,,,,,,,,
Data/IM_GCM_FOP_TR20-014_031120_STG7_90.0003,b3,2,FAIL,"AttributeError(""'NoneType' object has no attribute 'y'"")",,,,,,,,,,
Data/IM_GCM_FOP_TR20-014_031120_STG7_90.0004,b3,2,FAIL,"AttributeError(""'NoneType' object has no attribute 'y'"")",,,,,,,,,,
Data/IM_GCM_FOP_TR20-014_031120_STG7_90.0005,b3,2,FAIL,"AttributeError(""'NoneType' object has no attribute 'y'"")",,,,,,,,,,
Data/IM_GCM_FOP_TR20-014_050420_Sample#1.0001,b3,2,FAIL,"AttributeError(""'NoneType' object has no attribute 'y'"")",,,,,,,,,,
Data/IM_GCM_FOP_TR20-014_050420_Sample#1.0002,b3,2,FAIL,"AttributeError(""'NoneType' object has no attribute 'y'"")",,,,,,,,,,
Data/IM_GCM_FOP_TR20-014_050420_Sample#1.0003,b3,2,FAIL,"AttributeError(""'NoneType' object has no attribute 'y'"")",,,,,,,,,,
Data/IM_GCM_FOP_TR20-014_050420_Sample#1.0004,b3,2,FAIL,"AttributeError(""'NoneType' object has no attribute 'y'"")",,,,,,,,,,
Data/IM_GCM_FOP_TR20-014_050420_Sample#1.0005,b3,2,FAIL,"AttributeError(""'NoneType' object has no attribute 'y'"")",,,,,,,,,,
Data/IM_GCM_FOP_TR20-014_050420_Sample#10.0001,b3,2,FAIL,"AttributeError(""'NoneType' object has no attribute 'y'"")",,,,,,,,,,
Data/IM_GCM_FOP_TR20-014_050420_Sample#10.0002,b3,2,FAIL,"AttributeError(""'NoneType' object has no attribute 'y'"")",,,,,,,,,,
Data/IM_GCM_FOP_TR20-014_050420_Sample#10.0003,b3,2,FAIL,"AttributeError(""'NoneType' object has no attribute 'y'"")",,,,,,,,,,
Data/IM_GCM_FOP_TR20-014_050420_Sample#10.0004,b3,2,FAIL,"AttributeError(""'NoneType' object has no attribute 'y'"")",,,,,,,,,,
Data/IM_GCM_FOP_TR20-014_050420_Sample#10.0005,b3,2,FAIL,"AttributeError(""'NoneType' object has no attribute 'y'"")",,,,,,,,,,
Data/IM_GCM_FOP_TR20-014_050420_Sample#11.0001,b3,2,FAIL,"AttributeError(""'NoneType' object has no attribute 'y'"")",,,,,,,,,,
Data/IM_GCM_FOP_TR20-014_050420_Sample#11.0002,b3,2,FAIL,"AttributeError(""'NoneType' object has no attribute 'y'"")",,,,,,,,,,
Data/IM_GCM_FOP_TR20-014_050420_Sample#11.0003,b3,2,FAIL,"AttributeError(""'NoneType' object has no attribute 'y'"")",,,,,,,,,,
Data/IM_GCM_FOP_TR20-014_050420_Sample#11.0004,b3,2,FAIL,"AttributeError(""'NoneType' object has no attribute 'y'"")",,,,,,,,,,
Data/IM_GCM_FOP_TR20-014_050420_Sample#11.0005,b3,2,FAIL,"AttributeError(""'NoneType' object has no attribute 'y'"")",,,,,,,,,,
Data/IM_GCM_FOP_TR20-014_050420_Sample#12.0001,b3,2,FAIL,"AttributeError(""'NoneType' object has no attribute 'y'"")",,,,,,,,,,
Data/IM_GCM_FOP_TR20-014_050420_Sample#12.0002,b3,2,FAIL,"AttributeError(""'NoneType' object has no attribute 'y'"")",,,,,,,,,,
Data/IM_GCM_FOP_TR20-014_050420_Sample#12.0003,b3,2,FAIL,"AttributeError(""'NoneType' object has no attribute 'y'"")",,,,,,,,,,
Data/IM_GCM_FOP_TR20-014_050420_Sample#12.0004,b3,2,FAIL,"AttributeError(""'NoneType' object has no attribute 'y'"")",,,,,,,,,,
Data/IM_GCM_FOP_TR20-014_050420_Sample#12.0005,b3,2,FAIL,"AttributeError(""'NoneType' object has no attribute 'y'"")",,,,,,,,,,
Data/IM_GCM_FOP_TR20-014_050420_Sample#13.0001,b3,2,FAIL,"AttributeError(""'NoneType' object has no attribute 'y'"")",,,,,,,,,,
Data/IM_GCM_FOP_TR20-014_050420_Sample#13.0002,b3,2,FAIL,"AttributeError(""'NoneType' object has no attribute 'y'"")",,,,,,,,,,
Data/IM_GCM_FOP_TR20-014_050420_Sample#13.0003,b3,2,FAIL,"AttributeError(""'NoneType' object has no attribute 'y'"")",,,,,,,,,,
Data/IM_GCM_FOP_TR20-014_050420_Sample#13.0004,b3,2,FAIL,"AttributeError(""'NoneType' object has no attribute 'y'"")",,,,,,,,,,
Data/IM_GCM_FOP_TR20-014_050420_Sample#13.0005,b3,2,FAIL,"AttributeError(""'NoneType' object has no attribute 'y'"")",,,,,,,,,,
Data/IM_GCM_FOP_TR20-014_050420_Sample#14.0001,b3,2,FAIL,"AttributeError(""'NoneType' object has no attribute 'y'"")",,,,,,,,,,
Data/IM_GCM_FOP_TR20-014_050420_Sample#14.0002,b3,2,FAIL,"AttributeError(""'NoneType' object has no attribute 'y'"")",,,,,,,,,,
Data/IM_GCM_FOP_TR20-014_050420_Sample#14.0003,b3,2,FAIL,"AttributeError(""'NoneType' object has no attribute 'y'"")",,,,,,,,,,
Data/IM_GCM_FOP_TR20-014_050420_Sample#14.0004,b3,2,FAIL,"AttributeError(""'NoneType' object has no attribute 'y'"")",,,,,,,,,,
Data/IM_GCM_FOP_TR20-014_050420_Sample#14.0005,b3,2,FAIL,"AttributeError(""'NoneType' object has no attribute 'y'"")",,,,,,,,,,
Data/IM_GCM_FOP_TR20-014_050420_Sample#15.0001,b3,2,FAIL,"AttributeError(""'NoneType' object has no attribute 'y'"")",,,,,,,,,,
Data/IM_GCM_FOP_TR20-014_050420_Sample#15.0002,b3,2,FAIL,"AttributeError(""'NoneType' object has no attribute 'y'"")",,,,,,,,,,
Data/IM_GCM_FOP_TR20-014_050420_Sample#15.0003,b3,2,FAIL,"AttributeError(""'NoneType' object has no attribute 'y'"")",,,,,,,,,,
Data/IM_GCM_FOP_TR20-014_050420_Sample#15.0004,b3,2,FAIL,"AttributeError(""'NoneType' object has no attribute 'y'"")",,,,,,,,,,
Data/IM_GCM_FOP_TR20-014_050420_Sample#15.0005,b3,2,FAIL,"AttributeError(""'NoneType' object has no attribute 'y'"")",,,,,,,,,,
Data/IM_GCM_FOP_TR20-014_050420_Sample#16.0001,b3,2,FAIL,"AttributeError(""'NoneType' object has no attribute 'y'"")",,,,,,,,,,
Data/IM_GCM_FOP_TR20-014_050420_Sample#16.0002,b3,2,FAIL,"AttributeError(""'NoneType' object has no attribute 'y'"")",,,,,,,,,,
Data/IM_GCM_FOP_TR20-014_050420_Sample#16.0003,b3,2,FAIL,"AttributeError(""'NoneType' object has no attribute 'y'"")",,,,,,,,,,
Data/IM_GCM_FOP_TR20-014_050420_Sample#16.0004,b3,2,FAIL,"AttributeError(""'NoneType' object has no attribute 'y'"")",,,,,,,,,,
Data/IM_GCM_FOP_TR20-014_050420_Sample#16.0005,b3,2,FAIL,"AttributeError(""'NoneType' object has no attribute 'y'"")",,,,,,,,,,
Data/IM_GCM_FOP_TR20-014_050420_Sample#17.0001,b3,2,FAIL,"AttributeError(""'NoneType' object has no attribute 'y'"")",,,,,,,,,,
Data/IM_GCM_FOP_TR20-014_050420_Sample#17.0002,b3,2,FAIL,"AttributeError(""'NoneType' object has no attribute 'y'"")",,,,,,,,,,
Data/IM_GCM_FOP_TR20-014_050420_Sample#17.0003,b3,2,FAIL,"AttributeError(""'NoneType' object has no attribute 'y'"")",,,,,,,,,,
Data/IM_GCM_FOP_TR20-014_050420_Sample#17.0004,b3,2,FAIL,"AttributeError(""'NoneType' object has no attribute 'y'"")",,,,,,,,,,
Data/IM_GCM_FOP_TR20-014_050420_Sample#17.0005,b3,2,FAIL,"AttributeError(""'NoneType' object has no attribute 'y'"")",,,,,,,,,,
Data/IM_GCM_FOP_TR20-014_050420_Sample#18.0001,b3,2,FAIL,"AttributeError(""'NoneType' object has no attribute 'y'"")",,,,,,,,,,
Data/IM_GCM_FOP_TR20-014_050420_Sample#18.0002,b3,2,FAIL,"AttributeError(""'NoneType' object has no attribute 'y'"")",,,,,,,,,,
Data/IM_GCM_FOP_TR20-014_050420_Sample#18.0003,b3,2,FAIL,"AttributeError(""'NoneType' object has no attribute 'y'"")",,,,,,,,,,
Data/IM_GCM_FOP_TR20-014_050420_Sample#18.0004,b3,2,FAIL,"AttributeError(""'NoneType' object has no attribute 'y'"")",,,,,,,,,,
Data/IM_GCM_FOP_TR20-014_050420_Sample#18.0005,b3,2,FAIL,"AttributeError(""'NoneType' object has no attribute 'y'"")",,,,,,,,,,
Data/IM_GCM_FOP_TR20-014_050420_Sample#2.0001,b3,2,FAIL,"AttributeError(""'NoneType' object has no attribute 'y'"")",,,,,,,,,,
Data/IM_GCM_FOP_TR20-014_050420_Sample#2.0002,b3,2,FAIL,"AttributeError(""'NoneType' object has no attribute 'y'"")",,,,,,,,,,
Data/IM_GCM_FOP_TR20-014_050420_Sample#2.0003,b3,2,FAIL,"AttributeError(""'NoneType' object has no attribute 'y'"")",,,,,,,,,,
Data/IM_GCM_FOP_TR20-014_050420_Sample#2.0004,b3,2,FAIL,"AttributeError(""'NoneType' object has no attribute 'y'"")",,,,,,,,,,
Data/IM_GCM_FOP_TR20-014_050420_Sample#2.0005,b3,2,FAIL,"AttributeError(""'NoneType' object has no attribute 'y'"")",,,,,,,,,,
Data/IM_GCM_FOP_TR20-014_050420_Sample#3.0001,b3,2,FAIL,"AttributeError(""'NoneType' object has no attribute 'y'"")",,,,,,,,,,
Data/IM_GCM_FOP_TR20-014_050420_Sample#3.0002,b3,2,FAIL,"AttributeError(""'NoneType' object has no attribute 'y'"")",,,,,,,,,,
Data/IM_GCM_FOP_TR20-014_050420_Sample#3.0003,b3,2,FAIL,"AttributeError(""'NoneType' object has no attribute 'y'"")",,,,,,,,,,
Data/IM_GCM_FOP_TR20-014_050420_Sample#3.0004,b3,2,FAIL,"AttributeError(""'NoneType' object has no attribute 'y'"")",,,,,,,,,,
Data/IM_GCM_FOP_TR20-014_050420_Sample#3.0005,b3,2,FAIL,"AttributeError(""'NoneType' object has no attribute 'y'"")",,,,,,,,,,
Data/IM_GCM_FOP_TR20-014_050420_Sample#4.0001,b3,2,FAIL,"AttributeError(""'NoneType' object has no attribute 'y'"")",,,,,,,,,,
Data/IM_GCM_FOP_TR20-014_050420_Sample#4.0002,b3,2,FAIL,"AttributeError(""'NoneType' object has no attribute 'y'"")",,,,,,,,,,
Data/IM_GCM_FOP_TR20-014_050420_Sample#4.0003,b3,2,FAIL,"AttributeError(""'NoneType' object has no attribute 'y'"")",,,,,,,,,,
Data/IM_GCM_FOP_TR20-014_050420_Sample#4.0004,b3,2,FAIL,"AttributeError(""'NoneType' object has no attribute 'y'"")",,,,,,,,,,
Data/IM_GCM_FOP_TR20-014_050420_Sample#4.0005,b3,2,FAIL,"AttributeError(""'NoneType' object has no attribute 'y'"")",,,,,,,,,,
Data/IM_GCM_FOP_TR20-014_050420_Sample#5.0001,b3,2,FAIL,"AttributeError(""'NoneType' object has no attribute 'y'"")",,,,,,,,,,
Data/IM_GCM_FOP_TR20-014_050420_Sample#5.0002,b3,2,FAIL,"AttributeError(""'NoneType' object has no attribute 'y'"")",,,,,,,,,,
Data/IM_GCM_FOP_TR20-014_050420_Sample#5.0003,b3,2,FAIL,"AttributeError(""'NoneType' object has no attribute 'y'"")",,,,,,,,,,
Data/IM_GCM_FOP_TR20-014_050420_Sample#5.0004,b3,2,FAIL,"AttributeError(""'NoneType' object has no attribute 'y'"")",,,,,,,,,,
Data/IM_GCM_FOP_TR20-014_050420_Sample#5.0005,b3,2,FAIL,"AttributeError(""'NoneType' object has no attribute 'y'"")",,,,,,,,,,
Data/IM_GCM_FOP_TR20-014_050420_Sample#6.0001,b3,2,FAIL,"AttributeError(""'NoneType' object has no attribute 'y'"")",,,,,,,,,,
Data/IM_GCM_FOP_TR20-014_050420_Sample#6.0002,b3,2,FAIL,"AttributeError(""'NoneType' object has no attribute 'y'"")",,,,,,,,,,
Data/IM_GCM_FOP_TR20-014_050420_Sample#6.0003,b3,2,FAIL,"AttributeError(""'NoneType' object has no attribute 'y'"")",,,,,,,,,,
Data/IM_GCM_FOP_TR20-014_050420_Sample#6.0004,b3,2,FAIL,"AttributeError(""'NoneType' object has no attribute 'y'"")",,,,,,,,,,
Data/IM_GCM_FOP_TR20-014_050420_Sample#6.0005,b3,2,FAIL,"AttributeError(""'NoneType' object has no attribute 'y'"")",,,,,,,,,,
Data/IM_GCM_FOP_TR20-014_050420_Sample#7.0001,b3,2,FAIL,"AttributeError(""'NoneType' object has no attribute 'y'"")",,,,,,,,,,
Data/IM_GCM_FOP_TR20-014_050420_Sample#7.0002,b3,2,FAIL,"AttributeError(""'NoneType' object has no attribute 'y'"")",,,,,,,,,,
Data/IM_GCM_FOP_TR20-014_050420_Sample#7.0003,b3,2,FAIL,"AttributeError(""'NoneType' object has no attribute 'y'"")",,,,,,,,,,
Data/IM_GCM_FOP_TR20-014_050420_Sample#7.0004,b3,2,FAIL,"AttributeError(""'NoneType' object has no attribute 'y'"")",,,,,,,,,,
Data/IM_GCM_FOP_TR20-014_050420_Sample#7.0005,b3,2,FAIL,"AttributeError(""'NoneType' object has no attribute 'y'"")",,,,,,,,,,
Data/IM_GCM_FOP_TR20-014_050420_Sample#8.0001,b3,2,FAIL,"AttributeError(""'NoneType' object has no attribute 'y'"")",,,,,,,,,,
Data/IM_GCM_FOP_TR20-014_050420_Sample#8.0002,b3,2,FAIL,"AttributeError(""'NoneType' object has no attribute 'y'"")",,,,,,,,,,
Data/IM_GCM_FOP_TR20-014_050420_Sample#8.0003,b3,2,FAIL,"AttributeError(""'NoneType' object has no attribute 'y'"")",,,,,,,,,,
Data/IM_GCM_FOP_TR20-014_050420_Sample#8.0004,b3,2,FAIL,"AttributeError(""'NoneType' object has no attribute 'y'"")",,,,,,,,,,
Data/IM_GCM_FOP_TR20-014_050420_Sample#8.0005,b3,2,FAIL,"AttributeError(""'NoneType' object has no attribute 'y'"")",,,,,,,,,,
Data/IM_GCM_FOP_TR20-014_050420_Sample#9.0001,b3,2,FAIL,"AttributeError(""'NoneType' object has no attribute 'y'"")",,,,,,,,,,
Data/IM_GCM_FOP_TR20-014_050420_Sample#9.0002,b3,2,FAIL,"AttributeError(""'NoneType' object has no attribute 'y'"")",,,,,,,,,,
Data/IM_GCM_FOP_TR20-014_050420_Sample#9.0003,b3,2,FAIL,"AttributeError(""'NoneType' object has no attribute 'y'"")",,,,,,,,,,
Data/IM_GCM_FOP_TR20-014_050420_Sample#9.0004,b3,2,FAIL,"AttributeError(""'NoneType' object has no attribute 'y'"")",,,,,,,,,,
Data/IM_GCM_FOP_TR20-014_050420_Sample#9.0005,b3,2,FAIL,"AttributeError(""'NoneType' object has no attribute 'y'"")",,,,,,,,,,
Data/IM_GCM_FOP_TR20-014_050620_Sample#1.0001,b3,2,FAIL,"AttributeError(""'NoneType' object has no attribute 'y'"")",,,,,,,,,,
Data/IM_GCM_FOP_TR20-014_050620_Sample#1.0002,b3,2,FAIL,"AttributeError(""'NoneType' object has no attribute 'y'"")",,,,,,,,,,
Data/IM_GCM_FOP_TR20-014_050620_Sample#1.0003,b3,2,FAIL,"AttributeError(""'NoneType' object has no attribute 'y'"")",,,,,,,,,,
Data/IM_GCM_FOP_TR20-014_050620_Sample#1.0004,b3,2,FAIL,"AttributeError(""'NoneType' object has no attribute 'y'"")",,,,,,,,,,
Data/IM_GCM_FOP_TR20-014_050620_Sample#1.0005,b3,2,FAIL,"AttributeError(""'NoneType' object has no attribute 'y'"")",,,,,,,,,,
Data/IM_GCM_FOP_TR20-014_050620_Sample#2.0001,b3,2,FAIL,"AttributeError(""'NoneType' object has no attribute 'y'"")",,,,,,,,,,
Data/IM_GCM_FOP_TR20-014_050620_Sample#2.0002,b3,2,FAIL,"AttributeError(""'NoneType' object has no attribute 'y'"")",,,,,,,,,,
Data/IM_GCM_FOP_TR20-014_050620_Sample#2.0003,b3,2,FAIL,"AttributeError(""'NoneType' object has no attribute 'y'"")",,,,,,,,,,
Data/IM_GCM_FOP_TR20-014_050620_Sample#2.0004,b3,2,FAIL,"AttributeError(""'NoneType' object has no attribute 'y'"")",,,,,,,,,,
Data/IM_GCM_FOP_TR20-014_050620_Sample#2.0005,b3,2,FAIL,"AttributeError(""'NoneType' object has no attribute 'y'"")",,,,,,,,,,
Data/IM_GCM_FOP_TR20-014_050620_Sample#3.0001,b3,2,FAIL,"AttributeError(""'NoneType' object has no attribute 'y'"")",,,,,,,,,,
Data/IM_GCM_FOP_TR20-014_050620_Sample#3.0002,b3,2,FAIL,"AttributeError(""'NoneType' object has no attribute 'y'"")",,,,,,,,,,
Data/IM_GCM_FOP_TR20-014_050620_Sample#3.0003,b3,2,FAIL,"AttributeError(""'NoneType' object has no attribute 'y'"")",,,,,,,,,,
Data/IM_GCM_FOP_TR20-014_050620_Sample#3.0004,b3,2,FAIL,"AttributeError(""'NoneType' object has no attribute 'y'"")",,,,,,,,,,
Data/IM_GCM_FOP_TR20-014_050620_Sample#3.0005,b3,2,FAIL,"AttributeError(""'NoneType' object has no attribute 'y'"")",,,,,,,,,,
Data/IM_GCM_FOP_TR20-014_050620_Sample#4.0001,b3,2,FAIL,"AttributeError(""'NoneType' object has no attribute 'y'"")",,,,,,,,,,
Data/IM_GCM_FOP_TR20-014_050620_Sample#4.0002,b3,2,FAIL,"AttributeError(""'NoneType' object has no attribute 'y'"")",,,,,,,,,,
Data/IM_GCM_FOP_TR20-014_050620_Sample#4.0003,b3,2,FAIL,"AttributeError(""'NoneType' object has no attribute 'y'"")",,,,,,,,,,
Data/IM_GCM_FOP_TR20-014_050620_Sample#4.0004,b3,2,FAIL,"AttributeError(""'NoneType' object has no attribute 'y'"")",,,,,,,,,,
Data/IM_GCM_FOP_TR20-014_050620_Sample#4.0005,b3,2,FAIL,"AttributeError(""'NoneType' object has no attribute 'y'"")",,,,,,,,,,
Data/IM_GCM_FOP_TR20-014_050620_Sample#5.0001,b3,2,FAIL,"AttributeError(""'NoneType' object has no attribute 'y'"")",,,,,,,,,,
Data/IM_GCM_FOP_TR20-014_050620_Sample#5.0002,b3,2,FAIL,"AttributeError(""'NoneType' object has no attribute 'y'"")",,,,,,,,,,
Data/IM_GCM_FOP_TR20-014_050620_Sample#5.0003,b3,2,FAIL,"AttributeError(""'NoneType' object has no attribute 'y'"")",,,,,,,,,,
Data/IM_GCM_FOP_TR20-014_050620_Sample#5.0004,b3,2,FAIL,"AttributeError(""'NoneType' object has no attribute 'y'"")",,,,,,,,,,
Data/IM_GCM_FOP_TR20-014_050620_Sample#5.0005,b3,2,FAIL,"AttributeError(""'NoneType' object has no attribute 'y'"")",,,,,,,,,,
Data/IM_GCM_FOP_TR20-014_050620_Sample#6.0001,b3,2,FAIL,"AttributeError(""'NoneType' object has no attribute 'y'"")",,,,,,,,,,
Data/IM_GCM_FOP_TR20-014_050620_Sample#6.0002,b3,2,FAIL,"AttributeError(""'NoneType' object has no attribute 'y'"")",,,,,,,,,,
Data/IM_GCM_FOP_TR20-014_050620_Sample#6.0003,b3,2,FAIL,"AttributeError(""'NoneType' object has no attribute 'y'"")",,,,,,,,,,
Data/IM_GCM_FOP_TR20-014_050620_Sample#6.0004,b3,2,FAIL,"AttributeError(""'NoneType' object has no attribute 'y'"")",,,,,,,,,,
Data/IM_GCM_FOP_TR20-014_050620_Sample#6.0005,b3,2,FAIL,"AttributeError(""'NoneType' object has no attribute 'y'"")",,,,,,,,,,
Data/IM_GCM_FOP_TR20-014_050620_Sample#7.0001,b3,2,FAIL,"AttributeError(""'NoneType' object has no attribute 'y'"")",,,,,,,,,,
Data/IM_GCM_FOP_TR20-014_050620_Sample#7.0002,b3,2,FAIL,"AttributeError(""'NoneType' object has no attribute 'y'"")",,,,,,,,,,
Data/IM_GCM_FOP_TR20-014_050620_Sample#7.0003,b3,2,FAIL,"AttributeError(""'NoneType' object has no attribute 'y'"")",,,,,,,,,,
Data/IM_GCM_FOP_TR20-014_050620_Sample#7.0004,b3,2,FAIL,"AttributeError(""'NoneType' object has no attribute 'y'"")",,,,,,,,,,
Data/IM_GCM_FOP_TR20-014_050620_Sample#7.0005,b3,2,FAIL,"AttributeError(""'NoneType' object has no attribute 'y'"")",,,,,,,,,,
Data/IM_GCM_FOP_TR20-014_050620_Sample#8.0001,b3,2,FAIL,"AttributeError(""'NoneType' object has no attribute 'y'"")",,,,,,,,,,
Data/IM_GCM_FOP_TR20-014_050620_Sample#8.0002,b3,2,FAIL,"AttributeError(""'NoneType' object has no attribute 'y'"")",,,,,,,,,,
Data/IM_GCM_FOP_TR20-014_050620_Sample#8.0003,b3,2,FAIL,"AttributeError(""'NoneType' object has no attribute 'y'"")",,,,,,,,,,
Data/IM_GCM_FOP_TR20-014_050620_Sample#8.0004,b3,2,FAIL,"AttributeError(""'NoneType' object has no attribute 'y'"")",,,,,,,,,,
Data/IM_GCM_FOP_TR20-014_050620_Sample#8.0005,b3,2,FAIL,"AttributeError(""'NoneType' object has no attribute 'y'"")",,,,,,,,,,
Data/IM_GCM_FOP_TR20-014_050620_Sample#9.0001,b3,2,FAIL,"AttributeError(""'NoneType' object has no attribute 'y'"")",,,,,,,,,,
Data/IM_GCM_FOP_TR20-014_050620_Sample#9.0002,b3,2,FAIL,"AttributeError(""'NoneType' object has no attribute 'y'"")",,,,,,,,,,
Data/IM_GCM_FOP_TR20-014_050620_Sample#9.0003,b3,2,FAIL,"AttributeError(""'NoneType' object has no attribute 'y'"")",,,,,,,,,,
Data/IM_GCM_FOP_TR20-014_050620_Sample#9.0004,b3,2,FAIL,"AttributeError(""'NoneType' object has no attribute 'y'"")",,,,,,,,,,
Data/IM_GCM_FOP_TR20-014_050620_Sample#9.0005,b3,2,FAIL,"AttributeError(""'NoneType' object has no attribute 'y'"")",,,,,,,,,,
Data/IM_GCM_FOP_TR20-014_051120_Sample#1.0001,b3,2,FAIL,"AttributeError(""'NoneType' object has no attribute 'y'"")",,,,,,,,,,
Data/IM_GCM_FOP_TR20-014_051120_Sample#1.0002,b3,2,FAIL,"AttributeError(""'NoneType' object has no attribute 'y'"")",,,,,,,,,,
Data/IM_GCM_FOP_TR20-014_051120_Sample#1.0003,b3,2,FAIL,"AttributeError(""'NoneType' object has no attribute 'y'"")",,,,,,,,,,
Data/IM_GCM_FOP_TR20-014_051120_Sample#1.0004,b3,2,FAIL,"AttributeError(""'NoneType' object has no attribute 'y'"")",,,,,,,,,,
Data/IM_GCM_FOP_TR20-014_051120_Sample#1.0005,b3,2,FAIL,"AttributeError(""'NoneType' object has no attribute 'y'"")",,,,,,,,,,
Data/IM_GCM_FOP_TR20-014_051120_Sample#2.0001,b3,2,FAIL,"AttributeError(""'NoneType' object has no attribute 'y'"")",,,,,,,,,,
Data/IM_GCM_FOP_TR20-014_051120_Sample#2.0002,b3,2,FAIL,"AttributeError(""'NoneType' object has no attribute 'y'"")",,,,,,,,,,
Data/IM_GCM_FOP_TR20-014_051120_Sample#2.0003,b3,2,FAIL,"AttributeError(""'NoneType' object has no attribute 'y'"")",,,,,,,,,,
Data/IM_GCM_FOP_TR20-014_051120_Sample#2.0004,b3,2,FAIL,"AttributeError(""'NoneType' object has no attribute 'y'"")",,,,,,,,,,
Data/IM_GCM_FOP_TR20-014_051120_Sample#2.0005,b3,2,FAIL,"AttributeError(""'NoneType' object has no attribute 'y'"")",,,,,,,,,,
Data/IM_GCM_FOP_TR20-014_051120_Sample#3.0001,b3,2,FAIL,"AttributeError(""'NoneType' object has no attribute 'y'"")",,,,,,,,,,
Data/IM_GCM_FOP_TR20-014_051120_Sample#3.0002,b3,2,FAIL,"AttributeError(""'NoneType' object has no attribute 'y'"")",,,,,,,,,,
Data/IM_GCM_FOP_TR20-014_051120_Sample#3.0003,b3,2,FAIL,"AttributeError(""'NoneType' object has no attribute 'y'"")",,,,,,,,,,
Data/IM_GCM_FOP_TR20-014_051120_Sample#3.0004,b3,2,FAIL,"AttributeError(""'NoneType' object has no attribute 'y'"")",,,,,,,,,,
Data/IM_GCM_FOP_TR20-014_051120_Sample#3.0005,b3,2,FAIL,"AttributeError(""'NoneType' object has no attribute 'y'"")",,,,,,,,,,
Data/IM_GCM_FOP_TR20-014_051120_Sample#4.0001,b3,2,FAIL,"AttributeError(""'NoneType' object has no attribute 'y'"")",,,,,,,,,,
Data/IM_GCM_FOP_TR20-014_051120_Sample#4.0002,b3,2,FAIL,"AttributeError(""'NoneType' object has no attribute 'y'"")",,,,,,,,,,
Data/IM_GCM_FOP_TR20-014_051120_Sample#4.0003,b3,2,FAIL,"AttributeError(""'NoneType' object has no attribute 'y'"")",,,,,,,,,,
Data/IM_GCM_FOP_TR20-014_051120_Sample#4.0004,b3,2,FAIL,"AttributeError(""'NoneType' object has no attribute 'y'"")",,,,,,,,,,
Data/IM_GCM_FOP_TR20-014_051120_Sample#4.0005,b3,2,FAIL,"AttributeError(""'NoneType' object has no attribute 'y'"")",,,,,,,,,,
Data/IM_GCM_FOP_TR20-014_051120_Sample#5.0001,b3,2,FAIL,"AttributeError(""'NoneType' object has no attribute 'y'"")",,,,,,,,,,
Data/IM_GCM_FOP_TR20-014_051120_Sample#5.0002,b3,2,FAIL,"AttributeError(""'NoneType' object has no attribute 'y'"")",,,,,,,,,,
Data/IM_GCM_FOP_TR20-014_051120_Sample#5.0003,b3,2,FAIL,"AttributeError(""'NoneType' object has no attribute 'y'"")",,,,,,,,,,
Data/IM_GCM_FOP_TR20-014_051120_Sample#5.0004,b3,2,FAIL,"AttributeError(""'NoneType' object has no attribute 'y'"")",,,,,,,,,,
Data/IM_GCM_FOP_TR20-014_051120_Sample#5.0005,b3,2,FAIL,"AttributeError(""'NoneType' object has no attribute 'y'"")",,,,,,,,,,
Data/IM_GCM_FOP_TR20-014_051120_Sample#6.0001,b3,2,FAIL,"AttributeError(""'NoneType' object has no attribute 'y'"")",,,,,,,,,,
Data/IM_GCM_FOP_TR20-014_051120_Sample#6.0002,b3,2,FAIL,"AttributeError(""'NoneType' object has no attribute 'y'"")",,,,,,,,,,
Data/IM_GCM_FOP_TR20-014_051120_Sample#6.0003,b3,2,FAIL,"AttributeError(""'NoneType' object has no attribute 'y'"")",,,,,,,,,,
Data/IM_GCM_FOP_TR20-014_051120_Sample#6.0004,b3,2,FAIL,"AttributeError(""'NoneType' object has no attribute 'y'"")",,,,,,,,,,
Data/IM_GCM_FOP_TR20-014_051120_Sample#6.0005,b3,2,FAIL,"AttributeError(""'NoneType' object has no attribute 'y'"")",,,,,,,,,,
Data/IM_GCM_FOP_TR20-014_051120_Sample#7.0001,b3,2,FAIL,"AttributeError(""'NoneType' object has no attribute 'y'"")",,,,,,,,,,
Data/IM_GCM_FOP_TR20-014_051120_Sample#7.0002,b3,2,FAIL,"AttributeError(""'NoneType' object has no attribute 'y'"")",,,,,,,,,,
Data/IM_GCM_FOP_TR20-014_051120_Sample#7.0003,b3,2,FAIL,"AttributeError(""'NoneType' object has no attribute 'y'"")",,,,,,,,,,
Data/IM_GCM_FOP_TR20-014_051120_Sample#7.0004,b3,2,FAIL,"AttributeError(""'NoneType' object has no attribute 'y'"")",,,,,,,,,,
Data/IM_GCM_FOP_TR20-014_051120_Sample#7.0005,b3,2,FAIL,"AttributeError(""'NoneType' object has no attribute 'y'"")",,,,,,,,,,
Data/IM_GCM_FOP_TR20-014_051120_Sample#8.0001,b3,2,FAIL,"AttributeError(""'NoneType' object has no attribute 'y'"")",,,,,,,,,,
Data/IM_GCM_FOP_TR20-014_051120_Sample#8.0002,b3,2,FAIL,"AttributeError(""'NoneType' object has no attribute 'y'"")",,,,,,,,,,
Data/IM_GCM_FOP_TR20-014_051120_Sample#8.0003,b3,2,FAIL,"AttributeError(""'NoneType' object has no attribute 'y'"")",,,,,,,,,,
Data/IM_GCM_FOP_TR20-014_051120_Sample#8.0004,b3,2,FAIL,"AttributeError(""'NoneType' object has no attribute 'y'"")",,,,,,,,,,
Data/IM_GCM_FOP_TR20-014_051120_Sample#8.0005,b3,2,FAIL,"AttributeError(""'NoneType' object has no attribute 'y'"")",,,,,,,,,,
Data/IM_GCM_FOP_TR20-014_051120_Sample#9.0001,b3,2,FAIL,"AttributeError(""'NoneType' object has no attribute 'y'"")",,,,,,,,,,
Data/IM_GCM_FOP_TR20-014_051120_Sample#9.0002,b3,2,FAIL,"AttributeError(""'NoneType' object has no attribute 'y'"")",,,,,,,,,,
Data/IM_GCM_FOP_TR20-014_051120_Sample#9.0003,b3,2,FAIL,"AttributeError(""'NoneType' object has no attribute 'y'"")",,,,,,,,,,
Data/IM_GCM_FOP_TR20-014_051120_Sample#9.0004,b3,2,FAIL,"AttributeError(""'NoneType' object has no attribute 'y'"")",,,,,,,,,,
Data/IM_GCM_FOP_TR20-014_051120_Sample#9.0005,b3,2,FAIL,"AttributeError(""'NoneType' object has no attribute 'y'"")",,,,,,,,,,
Data/IM_GCM_FOP_TR20-014_051220_Sample#1.0001,b3,2,FAIL,"AttributeError(""'NoneType' object has no attribute 'y'"")",,,,,,,,,,
Data/IM_GCM_FOP_TR20-014_051220_Sample#1.0002,b3,2,FAIL,"AttributeError(""'NoneType' object has no attribute 'y'"")",,,,,,,,,,
Data/IM_GCM_FOP_TR20-014_051220_Sample#1.0003,b3,2,FAIL,"AttributeError(""'NoneType' object has no attribute 'y'"")",,,,,,,,,,
Data/IM_GCM_FOP_TR20-014_051220_Sample#1.0004,b3,2,FAIL,"AttributeError(""'NoneType' object has no attribute 'y'"")",,,,,,,,,,
Data/IM_GCM_FOP_TR20-014_051220_Sample#1.0005,b3,2,FAIL,"AttributeError(""'NoneType' object has no attribute 'y'"")",,,,,,,,,,
Data/IM_GCM_FOP_TR20-014_051220_Sample#2.0001,b3,2,FAIL,"AttributeError(""'NoneType' object has no attribute 'y'"")",,,,,,,,,,
Data/IM_GCM_FOP_TR20-014_051220_Sample#2.0002,b3,2,FAIL,"AttributeError(""'NoneType' object has no attribute 'y'"")",,,,,,,,,,
Data/IM_GCM_FOP_TR20-014_051220_Sample#2.0003,b3,2,FAIL,"AttributeError(""'NoneType' object has no attribute 'y'"")",,,,,,,,,,
Data/IM_GCM_FOP_TR20-014_051220_Sample#2.0004,b3,2,FAIL,"AttributeError(""'NoneType' object has no attribute 'y'"")",,,,,,,,,,
Data/IM_GCM_FOP_TR20-014_051220_Sample#2.0005,b3,2,FAIL,"AttributeError(""'NoneType' object has no attribute 'y'"")",,,,,,,,,,
Data/IM_GCM_FOP_TR20-014_051220_Sample#3.0001,b3,2,FAIL,"AttributeError(""'NoneType' object has no attribute 'y'"")",,,,,,,,,,
Data/IM_GCM_FOP_TR20-014_051220_Sample#3.0002,b3,2,FAIL,"AttributeError(""'NoneType' object has no attribute 'y'"")",,,,,,,,,,
Data/IM_GCM_FOP_TR20-014_051220_Sample#3.0003,b3,2,FAIL,"AttributeError(""'NoneType' object has no attribute 'y'"")",,,,,,,,,,
Data/IM_GCM_FOP_TR20-014_051220_Sample#3.0004,b3,2,FAIL,"AttributeError(""'NoneType' object has no attribute 'y'"")",,,,,,,,,,
Data/IM_GCM_FOP_TR20-014_051220_Sample#3.0005,b3,2,FAIL,"AttributeError(""'NoneType' object has no attribute 'y'"")",,,,,,,,,,
Data/IM_GCM_FOP_TR20-014_051220_Sample#4.0001,b3,2,FAIL,"AttributeError(""'NoneType' object has no attribute 'y'"")",,,,,,,,,,
Data/IM_GCM_FOP_TR20-014_051220_Sample#4.0002,b3,2,FAIL,"AttributeError(""'NoneType' object has no attribute 'y'"")",,,,,,,,,,
Data/IM_GCM_FOP_TR20-014_051220_Sample#4.0003,b3,2,FAIL,"AttributeError(""'NoneType' object has no attribute 'y'"")",,,,,,,,,,
Data/IM_GCM_FOP_TR20-014_051220_Sample#4.0004,b3,2,FAIL,"AttributeError(""'NoneType' object has no attribute 'y'"")",,,,,,,,,,
Data/IM_GCM_FOP_TR20-014_051220_Sample#4.0005,b3,2,FAIL,"AttributeError(""'NoneType' object has no attribute 'y'"")",,,,,,,,,,
Data/IM_GCM_FOP_TR20-014_051220_Sample#5.0001,b3,2,FAIL,"AttributeError(""'NoneType' object has no attribute 'y'"")",,,,,,,,,,
Data/IM_GCM_FOP_TR20-014_051220_Sample#5.0002,b3,2,FAIL,"AttributeError(""'NoneType' object has no attribute 'y'"")",,,,,,,,,,
Data/IM_GCM_FOP_TR20-014_051220_Sample#5.0003,b3,2,FAIL,"AttributeError(""'NoneType' object has no attribute 'y'"")",,,,,,,,,,
Data/IM_GCM_FOP_TR20-014_051220_Sample#5.0004,b3,2,FAIL,"AttributeError(""'NoneType' object has no attribute 'y'"")",,,,,,,,,,
Data/IM_GCM_FOP_TR20-014_051220_Sample#5.0005,b3,2,FAIL,"AttributeError(""'NoneType' object has no attribute 'y'"")",,,,,,,,,,
Data/IM_GCM_FOP_TR20-014_051220_Sample#6.0001,b3,2,FAIL,"AttributeError(""'NoneType' object has no attribute 'y'"")",,,,,,,,,,
Data/IM_GCM_FOP_TR20-014_051220_Sample#6.0002,b3,2,FAIL,"AttributeError(""'NoneType' object has no attribute 'y'"")",,,,,,,,,,
Data/IM_GCM_FOP_TR20-014_051220_Sample#6.0003,b3,2,FAIL,"AttributeError(""'NoneType' object has no attribute 'y'"")",,,,,,,,,,
Data/IM_GCM_FOP_TR20-014_051220_Sample#6.0004,b3,2,FAIL,"AttributeError(""'NoneType' object has no attribute 'y'"")",,,,,,,,,,
Data/IM_GCM_FOP_TR20-014_051220_Sample#6.0005,b3,2,FAIL,"AttributeError(""'NoneType' object has no attribute 'y'"")",,,,,,,,,,
Data/IM_GCM_FOP_TR20-014_051220_Sample#7.0001,b3,2,FAIL,"AttributeError(""'NoneType' object has no attribute 'y'"")",,,,,,,,,,
Data/IM_GCM_FOP_TR20-014_051220_Sample#7.0002,b3,2,FAIL,"AttributeError(""'NoneType' object has no attribute 'y'"")",,,,,,,,,,
Data/IM_GCM_FOP_TR20-014_051220_Sample#7.0003,b3,2,FAIL,"AttributeError(""'NoneType' object has no attribute 'y'"")",,,,,,,,,,
Data/IM_GCM_FOP_TR20-014_051220_Sample#7.0004,b3,2,FAIL,"AttributeError(""'NoneType' object has no attribute 'y'"")",,,,,,,,,,
Data/IM_GCM_FOP_TR20-014_051220_Sample#7.0005,b3,2,FAIL,"AttributeError(""'NoneType' object has no attribute 'y'"")",,,,,,,,,,
Data/IM_GCM_FOP_TR20-014_051220_Sample#8.0001,b3,2,FAIL,"AttributeError(""'NoneType' object has no attribute 'y'"")",,,,,,,,,,
Data/IM_GCM_FOP_TR20-014_051220_Sample#8.0002,b3,2,FAIL,"AttributeError(""'NoneType' object has no attribute 'y'"")",,,,,,,,,,
Data/IM_GCM_FOP_TR20-014_051220_Sample#8.0003,b3,2,FAIL,"AttributeError(""'NoneType' object has no attribute 'y'"")",,,,,,,,,,
Data/IM_GCM_FOP_TR20-014_051220_Sample#8.0004,b3,2,FAIL,"AttributeError(""'NoneType' object has no attribute 'y'"")",,,,,,,,,,
Data/IM_GCM_FOP_TR20-014_051220_Sample#8.0005,b3,2,FAIL,"AttributeError(""'NoneType' object has no attribute 'y'"")",,,,,,,,,,
Data/IM_GCM_FOP_TR20-014_051220_Sample#9.0001,b3,2,FAIL,"AttributeError(""'NoneType' object has no attribute 'y'"")",,,,,,,,,,
Data/IM_GCM_FOP_TR20-014_051220_Sample#9.0002,b3,2,FAIL,"AttributeError(""'NoneType' object has no attribute 'y'"")",,,,,,,,,,
Data/IM_GCM_FOP_TR20-014_051220_Sample#9.0003,b3,2,FAIL,"AttributeError(""'NoneType' object has no attribute 'y'"")",,,,,,,,,,
Data/IM_GCM_FOP_TR20-014_051220_Sample#9.0004,b3,2,FAIL,"AttributeError(""'NoneType' object has no attribute 'y'"")",,,,,,,,,,
Data/IM_GCM_FOP_TR20-014_051220_Sample#9.0005,b3,2,FAIL,"AttributeError(""'NoneType' object has no attribute 'y'"")",,,,,,,,,,
Data/IM_GCM_FOP_TR20-014_051320_Sample#1.0001,b3,2,FAIL,"AttributeError(""'NoneType' object has no attribute 'y'"")",,,,,,,,,,
Data/IM_GCM_FOP_TR20-014_051320_Sample#1.0002,b3,2,FAIL,"AttributeError(""'NoneType' object has no attribute 'y'"")",,,,,,,,,,
Data/IM_GCM_FOP_TR20-014_051320_Sample#1.0003,b3,2,FAIL,"AttributeError(""'NoneType' object has no attribute 'y'"")",,,,,,,,,,
Data/IM_GCM_FOP_TR20-014_051320_Sample#1.0004,b3,2,FAIL,"AttributeError(""'NoneType' object has no attribute 'y'"")",,,,,,,,,,
Data/IM_GCM_FOP_TR20-014_051320_Sample#1.0005,b3,2,FAIL,"AttributeError(""'NoneType' object has no attribute 'y'"")",,,,,,,,,,
Data/IM_GCM_FOP_TR20-014_051320_Sample#2.0001,b3,2,FAIL,"AttributeError(""'NoneType' object has no attribute 'y'"")",,,,,,,,,,
Data/IM_GCM_FOP_TR20-014_051320_Sample#2.0002,b3,2,FAIL,"AttributeError(""'NoneType' object has no attribute 'y'"")",,,,,,,,,,
Data/IM_GCM_FOP_TR20-014_051320_Sample#2.0003,b3,2,FAIL,"AttributeError(""'NoneType' object has no attribute 'y'"")",,,,,,,,,,
Data/IM_GCM_FOP_TR20-014_051320_Sample#2.0004,b3,2,FAIL,"AttributeError(""'NoneType' object has no attribute 'y'"")",,,,,,,,,,
Data/IM_GCM_FOP_TR20-014_051320_Sample#2.0005,b3,2,FAIL,"AttributeError(""'NoneType' object has no attribute 'y'"")",,,,,,,,,,
Data/IM_GCM_FOP_TR20-014_051320_Sample#3.0001,b3,2,FAIL,"AttributeError(""'NoneType' object has no attribute 'y'"")",,,,,,,,,,
Data/IM_GCM_FOP_TR20-014_051320_Sample#3.0002,b3,2,FAIL,"AttributeError(""'NoneType' object has no attribute 'y'"")",,,,,,,,,,
Data/IM_GCM_FOP_TR20-014_051320_Sample#3.0003,b3,2,FAIL,"AttributeError(""'NoneType' object has no attribute 'y'"")",,,,,,,,,,
Data/IM_GCM_FOP_TR20-014_051320_Sample#3.0004,b3,2,FAIL,"AttributeError(""'NoneType' object has no attribute 'y'"")",,,,,,,,,,
Data/IM_GCM_FOP_TR20-014_051320_Sample#3.0005,b3,2,FAIL,"AttributeError(""'NoneType' object has no attribute 'y'"")",,,,,,,,,,
Data/IM_GCM_FOP_TR20-014_051320_Sample#4.0001,b3,2,FAIL,"AttributeError(""'NoneType' object has no attribute 'y'"")",,,,,,,,,,
Data/IM_GCM_FOP_TR20-014_051320_Sample#4.0002,b3,2,FAIL,"AttributeError(""'NoneType' object has no attribute 'y'"")",,,,,,,,,,
Data/IM_GCM_FOP_TR20-014_051320_Sample#4.0003,b3,2,FAIL,"AttributeError(""'NoneType' object has no attribute 'y'"")",,,,,,,,,,
Data/IM_GCM_FOP_TR20-014_051320_Sample#4.0004,b3,2,FAIL,"AttributeError(""'NoneType' object has no attribute 'y'"")",,,,,,,,,,
Data/IM_GCM_FOP_TR20-014_051320_Sample#4.0005,b3,2,FAIL,"AttributeError(""'NoneType' object has no attribute 'y'"")",,,,,,,,,,
Data/IM_GCM_FOP_TR20-014_051320_Sample#5.0001,b3,2,FAIL,"AttributeError(""'NoneType' object has no attribute 'y'"")",,,,,,,,,,
Data/IM_GCM_FOP_TR20-014_051320_Sample#5.0002,b3,2,FAIL,"AttributeError(""'NoneType' object has no attribute 'y'"")",,,,,,,,,,
Data/IM_GCM_FOP_TR20-014_051320_Sample#5.0003,b3,2,FAIL,"AttributeError(""'NoneType' object has no attribute 'y'"")",,,,,,,,,,
Data/IM_GCM_FOP_TR20-014_051320_Sample#5.0004,b3,2,FAIL,"AttributeError(""'NoneType' object has no attribute 'y'"")",,,,,,,,,,
Data/IM_GCM_FOP_TR20-014_051320_Sample#5.0005,b3,2,FAIL,"AttributeError(""'NoneType' object has no attribute 'y'"")",,,,,,,,,,
Data/IM_GCM_FOP_TR20-014_051320_Sample#6.0001,b3,2,FAIL,"AttributeError(""'NoneType' object has no attribute 'y'"")",,,,,,,,,,
Data/IM_GCM_FOP_TR20-014_051320_Sample#6.0002,b3,2,FAIL,"AttributeError(""'NoneType' object has no attribute 'y'"")",,,,,,,,,,
Data/IM_GCM_FOP_TR20-014_051320_Sample#6.0003,b3,2,FAIL,"AttributeError(""'NoneType' object has no attribute 'y'"")",,,,,,,,,,
Data/IM_GCM_FOP_TR20-014_051320_Sample#6.0004,b3,2,FAIL,"AttributeError(""'NoneType' object has no attribute 'y'"")",,,,,,,,,,
Data/IM_GCM_FOP_TR20-014_051320_Sample#6.0005,b3,2,FAIL,"AttributeError(""'NoneType' object has no attribute 'y'"")",,,,,,,,,,
Data/IM_GCM_FOP_TR20-014_051320_Sample#7.0001,b3,2,FAIL,"AttributeError(""'NoneType' object has no attribute 'y'"")",,,,,,,,,,
Data/IM_GCM_FOP_TR20-014_051320_Sample#7.0002,b3,2,FAIL,"AttributeError(""'NoneType' object has no attribute 'y'"")",,,,,,,,,,
Data/IM_GCM_FOP_TR20-014_051320_Sample#7.0003,b3,2,FAIL,"AttributeError(""'NoneType' object has no attribute 'y'"")",,,,,,,,,,
Data/IM_GCM_FOP_TR20-014_051320_Sample#7.0004,b3,2,FAIL,"AttributeError(""'NoneType' object has no attribute 'y'"")",,,,,,,,,,
Data/IM_GCM_FOP_TR20-014_051320_Sample#7.0005,b3,2,FAIL,"AttributeError(""'NoneType' object has no attribute 'y'"")",,,,,,,,,,
Data/IM_GCM_FOP_TR20-014_051320_Sample#8.0001,b3,2,FAIL,"AttributeError(""'NoneType' object has no attribute 'y'"")",,,,,,,,,,
Data/IM_GCM_FOP_TR20-014_051320_Sample#8.0002,b3,2,FAIL,"AttributeError(""'NoneType' object has no attribute 'y'"")",,,,,,,,,,
Data/IM_GCM_FOP_TR20-014_051320_Sample#8.0003,b3,2,FAIL,"AttributeError(""'NoneType' object has no attribute 'y'"")",,,,,,,,,,
Data/IM_GCM_FOP_TR20-014_051320_Sample#8.0004,b3,2,FAIL,"AttributeError(""'NoneType' object has no attribute 'y'"")",,,,,,,,,,
Data/IM_GCM_FOP_TR20-014_051320_Sample#8.0005,b3,2,FAIL,"AttributeError(""'NoneType' object has no attribute 'y'"")",,,,,,,,,,
Data/IM_GCM_FOP_TR20-014_051320_Sample#9.0001,b3,2,FAIL,"AttributeError(""'NoneType' object has no attribute 'y'"")",,,,,,,,,,
Data/IM_GCM_FOP_TR20-014_051320_Sample#9.0002,b3,2,FAIL,"AttributeError(""'NoneType' object has no attribute 'y'"")",,,,,,,,,,
Data/IM_GCM_FOP_TR20-014_051320_Sample#9.0003,b3,2,FAIL,"AttributeError(""'NoneType' object has no attribute 'y'"")",,,,,,,,,,
Data/IM_GCM_FOP_TR20-014_051320_Sample#9.0004,b3,2,FAIL,"AttributeError(""'NoneType' object has no attribute 'y'"")",,,,,,,,,,
Data/IM_GCM_FOP_TR20-014_051320_Sample#9.0005,b3,2,FAIL,"AttributeError(""'NoneType' object has no attribute 'y'"")",,,,,,,,,,
Data/MFR_J188_070517_BOR.0001,b3,2,FAIL,"AttributeError(""'NoneType' object has no attribute 'y'"")",,,,,,,,,,
Data/MFR_J188_070517_BOR.0002,b3,2,FAIL,"AttributeError(""'NoneType' object has no attribute 'y'"")",,,,,,,,,,
Data/MFR_J188_070517_BOR.0003,b3,2,FAIL,"AttributeError(""'NoneType' object has no attribute 'y'"")",,,,,,,,,,
Data/MFR_J188_070517_EOR.0001,b3,2,FAIL,"AttributeError(""'NoneType' object has no attribute 'y'"")",,,,,,,,,,
Data/MFR_J188_070517_EOR.0002,b3,2,FAIL,"AttributeError(""'NoneType' object has no attribute 'y'"")",,,,,,,,,,
Data/MFR_J188_070517_EOR.0003,b3,2,FAIL,"AttributeError(""'NoneType' object has no attribute 'y'"")",,,,,,,,,,
Data/MFR_J188_070517_MOR.0001,b3,2,FAIL,"AttributeError(""'NoneType' object has no attribute 'y'"")",,,,,,,,,,
Data/MFR_J188_070517_MOR.0002,b3,2,FAIL,"AttributeError(""'NoneType' object has no attribute 'y'"")",,,,,,,,,,
Data/MFR_J188_070517_MOR.0003,b3,2,FAIL,"AttributeError(""'NoneType' object has no attribute 'y'"")",,,,,,,,,,
Data/MFR_J189_070617_BOR.0001,b3,2,FAIL,"AttributeError(""'NoneType' object has no attribute 'y'"")",,,,,,,,,,
Data/MFR_J189_070617_BOR.0002,b3,2,FAIL,"AttributeError(""'NoneType' object has no attribute 'y'"")",,,,,,,,,,
Data/MFR_J189_070617_BOR.0003,b3,2,FAIL,"AttributeError(""'NoneType' object has no attribute 'y'"")",,,,,,,,,,
Data/MFR_J189_070617_EOR.0004,b3,2,FAIL,"AttributeError(""'NoneType' object has no attribute 'y'"")",,,,,,,,,,
Data/MFR_J189_070617_EOR.0005,b3,2,FAIL,"AttributeError(""'NoneType' object has no attribute 'y'"")",,,,,,,,,,
Data/MFR_J189_070617_EOR.0006,b3,2,FAIL,"AttributeError(""'NoneType' object has no attribute 'y'"")",,,,,,,,,,
Data/MFR_J189_070617_EOR.0007,b3,2,FAIL,"AttributeError(""'NoneType' object has no attribute 'y'"")",,,,,,,,,,
Data/MFR_J189_070617_MOR.0001,b3,2,FAIL,"AttributeError(""'NoneType' object has no attribute 'y'"")",,,,,,,,,,
Data/MFR_J189_070617_MOR.0002,b3,2,FAIL,"AttributeError(""'NoneType' object has no attribute 'y'"")",,,,,,,,,,
Data/MFR_J189_070617_MOR.0003,b3,2,FAIL,"AttributeError(""'NoneType' object has no attribute 'y'"")",,,,,,,,,,
Data/QM_FOP_050817_1100_STG 6_24Hr.0001,b3,2,FAIL,"AttributeError(""'NoneType' object has no attribute 'y'"")",,,,,,,,,,
Data/QM_FOP_050817_1100_STG 6_24Hr.0002,b3,2,FAIL,"AttributeError(""'NoneType' object has no attribute 'y'"")",,,,,,,,,,
Data/QM_FOP_050817_1100_STG 6_24Hr.0003,b3,2,FAIL,"AttributeError(""'NoneType' object has no attribute 'y'"")",,,,,,,,,,
Data/QM_FOP_050817_1100_STG 7_24Hr.0001,b3,2,FAIL,"AttributeError(""'NoneType' object has no attribute 'y'"")",,,,,,,,,,
Data/QM_FOP_050817_1100_STG 7_24Hr.0002,b3,2,FAIL,"AttributeError(""'NoneType' object has no attribute 'y'"")",,,,,,,,,,
Data/QM_FOP_050817_1100_STG 7_24Hr.0003,b3,2,FAIL,"AttributeError(""'NoneType' object has no attribute 'y'"")",,,,,,,,,,
Data/QM_FOP_050817_1100_STG 8_24Hr.0001,b3,2,FAIL,"AttributeError(""'NoneType' object has no attribute 'y'"")",,,,,,,,,,
Data/QM_FOP_050817_1100_STG 8_24Hr.0002,b3,2,FAIL,"AttributeError(""'NoneType' object has no attribute 'y'"")",,,,,,,,,,
Data/QM_FOP_050817_1100_STG 8_24Hr.0003,b3,2,FAIL,"AttributeError(""'NoneType' object has no attribute 'y'"")",,,,,,,,,,
Data/QM_FOP_050817_1100_STG 9_24Hr.0001,b3,2,FAIL,"AttributeError(""'NoneType' object has no attribute 'y'"")",,,,,,,,,,
Data/QM_FOP_050817_1100_STG 9_24Hr.0002,b3,2,FAIL,"AttributeError(""'NoneType' object has no attribute 'y'"")",,,,,,,,,,
Data/QM_FOP_050817_1100_STG 9_24Hr.0003,b3,2,FAIL,"AttributeError(""'NoneType' object has no attribute 'y'"")",,,,,,,,,,
Data/QM_FOP_050817_1100_Stage_6_initial.0001,b3,2,FAIL,"AttributeError(""'NoneType' object has no attribute 'y'"")",,,,,,,,,,
Data/QM_FOP_050817_1100_Stage_6_initial.0002,b3,2,FAIL,"AttributeError(""'NoneType' object has no attribute 'y'"")",,,,,,,,,,
Data/QM_FOP_050817_1100_Stage_6_initial.0003,b3,2,FAIL,"AttributeError(""'NoneType' object has no attribute 'y'"")",,,,,,,,,,
Data/QM_FOP_050817_1100_Stage_7_initial.0001,b3,2,FAIL,"AttributeError(""'NoneType' object has no attribute 'y'"")",,,,,,,,,,
Data/QM_FOP_050817_1100_Stage_7_initial.0002,b3,2,FAIL,"AttributeError(""'NoneType' object has no attribute 'y'"")",,,,,,,,,,
Data/QM_FOP_050817_1100_Stage_7_initial.0003,b3,2,FAIL,"AttributeError(""'NoneType' object has no attribute 'y'"")",,,,,,,,,,
Data/QM_FOP_050817_1100_Stage_8_initial.0001,b3,2,FAIL,"AttributeError(""'NoneType' object has no attribute 'y'"")",,,,,,,,,,
Data/QM_FOP_050817_1100_Stage_8_initial.0002,b3,2,FAIL,"AttributeError(""'NoneType' object has no attribute 'y'"")",,,,,,,,,,
Data/QM_FOP_050817_1100_Stage_8_initial.0003,b3,2,FAIL,"AttributeError(""'NoneType' object has no attribute 'y'"")",,,,,,,,,,
Data/QM_FOP_050817_1100_Stage_9_initial.0001,b3,2,FAIL,"AttributeError(""'NoneType' object has no attribute 'y'"")",,,,,,,,,,
Data/QM_FOP_050817_1100_Stage_9_initial.0002,b3,2,FAIL,"AttributeError(""'NoneType' object has no attribute 'y'"")",,,,,,,,,,
Data/QM_FOP_050817_1100_Stage_9_initial.0003,b3,2,FAIL,"AttributeError(""'NoneType' object has no attribute 'y'"")",,,,,,,,,,
Data/QM_FOP_050817_1330_STG 6_24Hr.0001,b3,2,FAIL,"AttributeError(""'NoneType' object has no attribute 'y'"")",,,,,,,,,,
Data/QM_FOP_050817_1330_STG 6_24Hr.0002,b3,2,FAIL,"AttributeError(""'NoneType' object has no attribute 'y'"")",,,,,,,,,,
Data/QM_FOP_050817_1330_STG 6_24Hr.0003,b3,2,FAIL,"AttributeError(""'NoneType' object has no attribute 'y'"")",,,,,,,,,,
Data/QM_FOP_050817_1330_STG 7_24Hr.0001,b3,2,FAIL,"AttributeError(""'NoneType' object has no attribute 'y'"")",,,,,,,,,,
Data/QM_FOP_050817_1330_STG 7_24Hr.0002,b3,2,FAIL,"AttributeError(""'NoneType' object has no attribute 'y'"")",,,,,,,,,,
Data/QM_FOP_050817_1330_STG 7_24Hr.0003,b3,2,FAIL,"AttributeError(""'NoneType' object has no attribute 'y'"")",,,,,,,,,,
Data/QM_FOP_050817_1330_STG 8_24Hr.0001,b3,2,FAIL,"AttributeError(""'NoneType' object has no attribute 'y'"")",,,,,,,,,,
Data/QM_FOP_050817_1330_STG 8_24Hr.0002,b3,2,FAIL,"AttributeError(""'NoneType' object has no attribute 'y'"")",,,,,,,,,,
Data/QM_FOP_050817_1330_STG 8_24Hr.0003,b3,2,FAIL,"AttributeError(""'NoneType' object has no attribute 'y'"")",,,,,,,,,,
Data/QM_FOP_050817_1330_STG 9_24Hr.0001,b3,2,FAIL,"AttributeError(""'NoneType' object has no attribute 'y'"")",,,,,,,,,,
Data/QM_FOP_050817_1330_STG 9_24Hr.0002,b3,2,FAIL,"AttributeError(""'NoneType' object has no attribute 'y'"")",,,,,,,,,,
Data/QM_FOP_050817_1330_STG 9_24Hr.0003,b3,2,FAIL,"AttributeError(""'NoneType' object has no attribute 'y'"")",,,,,,,,,,
Data/QM_FOP_050817_1330_Stage_6_initial.0001,b3,2,FAIL,"AttributeError(""'NoneType' object has no attribute 'y'"")",,,,,,,,,,
Data/QM_FOP_050817_1330_Stage_6_initial.0002,b3,2,FAIL,"AttributeError(""'NoneType' object has no attribute 'y'"")",,,,,,,,,,
Data/QM_FOP_050817_1330_Stage_6_initial.0003,b3,2,FAIL,"AttributeError(""'NoneType' object has no attribute 'y'"")",,,,,,,,,,
Data/QM_FOP_050817_1330_Stage_7_initial.0001,b3,2,FAIL,"AttributeError(""'NoneType' object has no attribute 'y'"")",,,,,,,,,,
Data/QM_FOP_050817_1330_Stage_7_initial.0002,b3,2,FAIL,"AttributeError(""'NoneType' object has no attribute 'y'"")",,,,,,,,,,
Data/QM_FOP_050817_1330_Stage_7_initial.0003,b3,2,FAIL,"AttributeError(""'NoneType' object has no attribute 'y'"")",,,,,,,,,,
Data/QM_FOP_050817_1330_Stage_8_initial.0001,b3,2,FAIL,"AttributeError(""'NoneType' object has no attribute 'y'"")",,,,,,,,,,
Data/QM_FOP_050817_1330_Stage_8_initial.0002,b3,2,FAIL,"AttributeError(""'NoneType' object has no attribute 'y'"")",,,,,,,,,,
Data/QM_FOP_050817_1330_Stage_8_initial.0003,b3,2,FAIL,"AttributeError(""'NoneType' object has no attribute 'y'"")",,,,,,,,,,
Data/QM_FOP_050817_1330_Stage_9_initial.0001,b3,2,FAIL,"AttributeError(""'NoneType' object has no attribute 'y'"")",,,,,,,,,,
Data/QM_FOP_050817_1330_Stage_9_initial.0002,b3,2,FAIL,"AttributeError(""'NoneType' object has no attribute 'y'"")",,,,,,,,,,
Data/QM_FOP_050817_1330_Stage_9_initial.0003,b3,2,FAIL,"AttributeError(""'NoneType' object has no attribute 'y'"")",,,,,,,,,,
Data/QM_FOP_050917_1410_STG 6_24Hr.0001,b3,2,FAIL,"AttributeError(""'NoneType' object has no attribute 'y'"")",,,,,,,,,,
Data/QM_FOP_050917_1410_STG 6_24Hr.0002,b3,2,FAIL,"AttributeError(""'NoneType' object has no attribute 'y'"")",,,,,,,,,,
Data/QM_FOP_050917_1410_STG 6_24Hr.0003,b3,2,FAIL,"AttributeError(""'NoneType' object has no attribute 'y'"")",,,,,,,,,,
Data/QM_FOP_050917_1410_STG 6_Initial.0001,b3,2,FAIL,"AttributeError(""'NoneType' object has no attribute 'y'"")",,,,,,,,,,
Data/QM_FOP_050917_1410_STG 6_Initial.0002,b3,2,FAIL,"AttributeError(""'NoneType' object has no attribute 'y'"")",,,,,,,,,,
Data/QM_FOP_050917_1410_STG 6_Initial.0003,b3,2,FAIL,"AttributeError(""'NoneType' object has no attribute 'y'"")",,,,,,,,,,
Data/QM_FOP_050917_1410_STG 7_24Hr.0001,b3,2,FAIL,"AttributeError(""'NoneType' object has no attribute 'y'"")",,,,,,,,,,
Data/QM_FOP_050917_1410_STG 7_24Hr.0002,b3,2,FAIL,"AttributeError(""'NoneType' object has no attribute 'y'"")",,,,,,,,,,
Data/QM_FOP_050917_1410_STG 7_24Hr.0003,b3,2,FAIL,"AttributeError(""'NoneType' object has no attribute 'y'"")",,,,,,,,,,
Data/QM_FOP_050917_1410_STG 7_Initial.0001,b3,2,FAIL,"AttributeError(""'NoneType' object has no attribute 'y'"")",,,,,,,,,,
Data/QM_FOP_050917_1410_STG 7_Initial.0002,b3,2,FAIL,"AttributeError(""'NoneType' object has no attribute 'y'"")",,,,,,,,,,
Data/QM_FOP_050917_1410_STG 7_Initial.0003,b3,2,FAIL,"AttributeError(""'NoneType' object has no attribute 'y'"")",,,,,,,,,,
Data/QM_FOP_050917_1410_STG 8_24Hr.0001,b3,2,FAIL,"AttributeError(""'NoneType' object has no attribute 'y'"")",,,,,,,,,,
Data/QM_FOP_050917_1410_STG 8_24Hr.0002,b3,2,FAIL,"AttributeError(""'NoneType' object has no attribute 'y'"")",,,,,,,,,,
Data/QM_FOP_050917_1410_STG 8_24Hr.0003,b3,2,FAIL,"AttributeError(""'NoneType' object has no attribute 'y'"")",,,,,,,,,,
Data/QM_FOP_050917_1410_STG 8_Initial.0001,b3,2,FAIL,"AttributeError(""'NoneType' object has no attribute 'y'"")",,,,,,,,,,
Data/QM_FOP_050917_1410_STG 8_Initial.0002,b3,2,FAIL,"AttributeError(""'NoneType' object has no attribute 'y'"")",,,,,,,,,,
Data/QM_FOP_050917_1410_STG 8_Initial.0003,b3,2,FAIL,"AttributeError(""'NoneType' object has no attribute 'y'"")",,,,,,,,,,
Data/QM_FOP_050917_1410_STG 9_24Hr.0001,b3,2,FAIL,"AttributeError(""'NoneType' object has no attribute 'y'"")",,,,,,,,,,
Data/QM_FOP_050917_1410_STG 9_24Hr.0002,b3,2,FAIL,"AttributeError(""'NoneType' object has no attribute 'y'"")",,,,,,,,,,
Data/QM_FOP_050917_1410_STG 9_24Hr.0003,b3,2,FAIL,"AttributeError(""'NoneType' object has no attribute 'y'"")",,,,,,,,,,
Data/QM_FOP_050917_1410_STG 9_Initial.0001,b3,2,FAIL,"AttributeError(""'NoneType' object has no attribute 'y'"")",,,,,,,,,,
Data/QM_FOP_050917_1410_STG 9_Initial.0002,b3,2,FAIL,"AttributeError(""'NoneType' object has no attribute 'y'"")",,,,,,,,,,
Data/QM_FOP_050917_1410_STG 9_Initial.0003,b3,2,FAIL,"AttributeError(""'NoneType' object has no attribute 'y'"")",,,,,,,,,,
Data/QM_FOP_050917_930AM_STG 6_24Hr.0001,b3,2,FAIL,"AttributeError(""'NoneType' object has no attribute 'y'"")",,,,,,,,,,
Data/QM_FOP_050917_930AM_STG 6_24Hr.0002,b3,2,FAIL,"AttributeError(""'NoneType' object has no attribute 'y'"")",,,,,,,,,,
Data/QM_FOP_050917_930AM_STG 6_24Hr.0003,b3,2,FAIL,"AttributeError(""'NoneType' object has no attribute 'y'"")",,,,,,,,,,
Data/QM_FOP_050917_930AM_STG 7_24Hr.0001,b3,2,FAIL,"AttributeError(""'NoneType' object has no attribute 'y'"")",,,,,,,,,,
Data/QM_FOP_050917_930AM_STG 7_24Hr.0002,b3,2,FAIL,"AttributeError(""'NoneType' object has no attribute 'y'"")",,,,,,,,,,
Data/QM_FOP_050917_930AM_STG 7_24Hr.0003,b3,2,FAIL,"AttributeError(""'NoneType' object has no attribute 'y'"")",,,,,,,,,,
Data/QM_FOP_050917_930AM_STG 8_24Hr.0001,b3,2,FAIL,"AttributeError(""'NoneType' object has no attribute 'y'"")",,,,,,,,,,
Data/QM_FOP_050917_930AM_STG 8_24Hr.0002,b3,2,FAIL,"AttributeError(""'NoneType' object has no attribute 'y'"")",,,,,,,,,,
Data/QM_FOP_050917_930AM_STG 8_24Hr.0003,b3,2,FAIL,"AttributeError(""'NoneType' object has no attribute 'y'"")",,,,,,,,,,
Data/QM_FOP_050917_930AM_STG 9_24Hr.0004,b3,2,FAIL,"AttributeError(""'NoneType' object has no attribute 'y'"")",,,,,,,,,,
Data/QM_FOP_050917_930AM_STG 9_24Hr.0005,b3,2,FAIL,"AttributeError(""'NoneType' object has no attribute 'y'"")",,,,,,,,,,
Data/QM_FOP_050917_930AM_STG 9_24Hr.0006,b3,2,FAIL,"AttributeError(""'NoneType' object has no attribute 'y'"")",,,,,,,,,,
Data/QM_FOP_050917_930AM_STG 9_24Hr.0007,b3,2,FAIL,"AttributeError(""'NoneType' object has no attribute 'y'"")",,,,,,,,,,
Data/QM_FOP_6_00_95_5.0001,b3,2,FAIL,"AttributeError(""'NoneType' object has no attribute 'y'"")",,,,,,,,,,
Data/QM_FOP_6_00_95_5.0002,b3,2,FAIL,"AttributeError(""'NoneType' object has no attribute 'y'"")",,,,,,,,,,
Data/QM_FOP_6_00_95_5.0003,b3,2,FAIL,"AttributeError(""'NoneType' object has no attribute 'y'"")",,,,,,,,,,
Data/QM_FOP_6_25_95_5.0001,b3,2,FAIL,"AttributeError(""'NoneType' object has no attribute 'y'"")",,,,,,,,,,
Data/QM_FOP_6_25_95_5.0002,b3,2,FAIL,"AttributeError(""'NoneType' object has no attribute 'y'"")",,,,,,,,,,
Data/QM_FOP_6_25_95_5.0003,b3,2,FAIL,"AttributeError(""'NoneType' object has no attribute 'y'"")",,,,,,,,,,
Data/QM_FOP_6_50_95_5.0001,b3,2,FAIL,"AttributeError(""'NoneType' object has no attribute 'y'"")",,,,,,,,,,
Data/QM_FOP_6_50_95_5.0002,b3,2,FAIL,"AttributeError(""'NoneType' object has no attribute 'y'"")",,,,,,,,,,
Data/QM_FOP_6_50_95_5.0003,b3,2,FAIL,"AttributeError(""'NoneType' object has no attribute 'y'"")",,,,,,,,,,
Data/QM_FOP_6_75_95_5.0001,b3,2,FAIL,"AttributeError(""'NoneType' object has no attribute 'y'"")",,,,,,,,,,
Data/QM_FOP_6_75_95_5.0002,b3,2,FAIL,"AttributeError(""'NoneType' object has no attribute 'y'"")",,,,,,,,,,
Data/QM_FOP_6_75_95_5.0003,b3,2,FAIL,"AttributeError(""'NoneType' object has no attribute 'y'"")",,,,,,,,,,
Data/QM_FOP_7_00_95_5.0001,b3,2,FAIL,"AttributeError(""'NoneType' object has no attribute 'y'"")",,,,,,,,,,
Data/QM_FOP_7_00_95_5.0002,b3,2,FAIL,"AttributeError(""'NoneType' object has no attribute 'y'"")",,,,,,,,,,
Data/QM_FOP_7_00_95_5.0003,b3,2,FAIL,"AttributeError(""'NoneType' object has no attribute 'y'"")",,,,,,,,,,
Data/QM_FOP_7_25_95_5.0001,b3,2,FAIL,"AttributeError(""'NoneType' object has no attribute 'y'"")",,,,,,,,,,
Data/QM_FOP_7_25_95_5.0002,b3,2,FAIL,"AttributeError(""'NoneType' object has no attribute 'y'"")",,,,,,,,,,
Data/QM_FOP_7_25_95_5.0003,b3,2,FAIL,"AttributeError(""'NoneType' object has no attribute 'y'"")",,,,,,,,,,
Data/QM_FOP_7_50_95_5.0001,b3,2,FAIL,"AttributeError(""'NoneType' object has no attribute 'y'"")",,,,,,,,,,
Data/QM_FOP_7_50_95_5.0002,b3,2,FAIL,"AttributeError(""'NoneType' object has no attribute 'y'"")",,,,,,,,,,
Data/QM_FOP_7_50_95_5.0003,b3,2,FAIL,"AttributeError(""'NoneType' object has no attribute 'y'"")",,,,,,,,,,
Data/QM_FOP_7_75_95_5.0001,b3,2,FAIL,"AttributeError(""'NoneType' object has no attribute 'y'"")",,,,,,,,,,
Data/QM_FOP_7_75_95_5.0002,b3,2,FAIL,"AttributeError(""'NoneType' object has no attribute 'y'"")",,,,,,,,,,
Data/QM_FOP_7_75_95_5.0003,b3,2,FAIL,"AttributeError(""'NoneType' object has no attribute 'y'"")",,,,,,,,,,
Data/QM_FOP_8_00_95_5.0001,b3,2,FAIL,"AttributeError(""'NoneType' object has no attribute 'y'"")",,,,,,,,,,
Data/QM_FOP_8_00_95_5.0002,b3,2,FAIL,"AttributeError(""'NoneType' object has no attribute 'y'"")",,,,,,,,,,
Data/QM_FOP_8_00_95_5.0003,b3,2,FAIL,"AttributeError(""'NoneType' object has no attribute 'y'"")",,,,,,,,,,
Data/QM_FOP_8_25_95_5.0001,b3,2,FAIL,"AttributeError(""'NoneType' object has no attribute 'y'"")",,,,,,,,,,
Data/QM_FOP_8_25_95_5.0002,b3,2,FAIL,"AttributeError(""'NoneType' object has no attribute 'y'"")",,,,,,,,,,
Data/QM_FOP_8_25_95_5.0003,b3,2,FAIL,"AttributeError(""'NoneType' object has no attribute 'y'"")",,,,,,,,,,
Data/QM_FOP_8_50_95_5.0001,b3,2,FAIL,"AttributeError(""'NoneType' object has no attribute 'y'"")",,,,,,,,,,
Data/QM_FOP_8_50_95_5.0002,b3,2,FAIL,"AttributeError(""'NoneType' object has no attribute 'y'"")",,,,,,,,,,
Data/QM_FOP_8_50_95_5.0003,b3,2,FAIL,"AttributeError(""'NoneType' object has no attribute 'y'"")",,,,,,,,,,
Data/QM_FOP_8_75_95_5.0001,b3,2,FAIL,"AttributeError(""'NoneType' object has no attribute 'y'"")",,,,,,,,,,
Data/QM_FOP_8_75_95_5.0002,b3,2,FAIL,"AttributeError(""'NoneType' object has no attribute 'y'"")",,,,,,,,,,
Data/QM_FOP_8_75_95_5.0003,b3,2,FAIL,"AttributeError(""'NoneType' object has no attribute 'y'"")",,,,,,,,,,
Data/QM_FOP_9_00_95_5.0001,b3,2,FAIL,"AttributeError(""'NoneType' object has no attribute 'y'"")",,,,,,,,,,
Data/QM_FOP_9_00_95_5.0002,b3,2,FAIL,"AttributeError(""'NoneType' object has no attribute 'y'"")",,,,,,,,,,
Data/QM_FOP_9_00_95_5.0003,b3,2,FAIL,"AttributeError(""'NoneType' object has no attribute 'y'"")",,,,,,,,,,
Data/QM_FOP_9_25_95_5.0001,b3,2,FAIL,"AttributeError(""'NoneType' object has no attribute 'y'"")",,,,,,,,,,
Data/QM_FOP_9_25_95_5.0002,b3,2,FAIL,"AttributeError(""'NoneType' object has no attribute 'y'"")",,,,,,,,,,
Data/QM_FOP_9_25_95_5.0003,b3,2,FAIL,"AttributeError(""'NoneType' object has no attribute 'y'"")",,,,,,,,,,
Data/QM_FOP_9_50_95_5.0001,b3,2,FAIL,"AttributeError(""'NoneType' object has no attribute 'y'"")",,,,,,,,,,
Data/QM_FOP_9_50_95_5.0002,b3,2,FAIL,"AttributeError(""'NoneType' object has no attribute 'y'"")",,,,,,,,,,
Data/QM_FOP_9_50_95_5.0003,b3,2,FAIL,"AttributeError(""'NoneType' object has no attribute 'y'"")",,,,,,,,,,
Data/QM_FOP_9_75_95_5.0001,b3,2,FAIL,"AttributeError(""'NoneType' object has no attribute 'y'"")",,,,,,,,,,
Data/QM_FOP_9_75_95_5.0002,b3,2,FAIL,"AttributeError(""'NoneType' object has no attribute 'y'"")",,,,,,,,,,
Data/QM_FOP_9_75_95_5.0003,b3,2,FAIL,"AttributeError(""'NoneType' object has no attribute 'y'"")",,,,,,,,,,
Data/QM_FOP_STG 6_050917_930AM_INITIAL.0001,b3,2,FAIL,"AttributeError(""'NoneType' object has no attribute 'y'"")",,,,,,,,,,
Data/QM_FOP_STG 6_050917_930AM_INITIAL.0002,b3,2,FAIL,"AttributeError(""'NoneType' object has no attribute 'y'"")",,,,,,,,,,
Data/QM_FOP_STG 6_050917_930AM_INITIAL.0003,b3,2,FAIL,"AttributeError(""'NoneType' object has no attribute 'y'"")",,,,,,,,,,
Data/QM_FOP_STG 7_050917_930AM_INITIAL.0001,b3,2,FAIL,"AttributeError(""'NoneType' object has no attribute 'y'"")",,,,,,,,,,
Data/QM_FOP_STG 7_050917_930AM_INITIAL.0002,b3,2,FAIL,"AttributeError(""'NoneType' object has no attribute 'y'"")",,,,,,,,,,
Data/QM_FOP_STG 7_050917_930AM_INITIAL.0003,b3,2,FAIL,"AttributeError(""'NoneType' object has no attribute 'y'"")",,,,,,,,,,
Data/QM_FOP_STG 8_050917_930AM_INITIAL.0001,b3,2,FAIL,"AttributeError(""'NoneType' object has no attribute 'y'"")",,,,,,,,,,
Data/QM_FOP_STG 8_050917_930AM_INITIAL.0002,b3,2,FAIL,"AttributeError(""'NoneType' object has no attribute 'y'"")",,,,,,,,,,
Data/QM_FOP_STG 8_050917_930AM_INITIAL.0003,b3,2,FAIL,"AttributeError(""'NoneType' object has no attribute 'y'"")",,,,,,,,,,
Data/QM_FOP_STG 9_050917_930AM_INITIAL.0001,b3,2,FAIL,"AttributeError(""'NoneType' object has no attribute 'y'"")",,,,,,,,,,
Data/QM_FOP_STG 9_050917_930AM_INITIAL.0002,b3,2,FAIL,"AttributeError(""'NoneType' object has no attribute 'y'"")",,,,,,,,,,
Data/QM_FOP_STG 9_050917_930AM_INITIAL.0003,b3,2,FAIL,"AttributeError(""'NoneType' object has no attribute 'y'"")",,,,,,,,,,
